Workbook

Sheet გადასატანი
A1: განაცემის მიმღების საიდენტიფიკაციო/ პირადი ნომერი | B1: განაცემის მიმღების სახელი | C1: განაცემის მიმღების გვარი | D1: მომსახურების სახე | E1: განაცემის ოდენობა (თანხა) | F1: მისამართი | G1: პირის რეზიდენტობა (ქვეყანა)
A2: 01030053229 | B2: =INDEX(ინფო!B:B,MATCH(A2,ინფო!A:A,0)) -> გიორგი | C2: =INDEX(ინფო!C:C,MATCH(A2,ინფო!A:A,0)) -> მელაძე | D2: 8 | E2: =INDEX(თანხები!D:D,MATCH(A2,თანხები!A:A,0)) -> #N/A | F2: =INDEX(ინფო!D:D,MATCH(A2,ინფო!A:A,0)) -> საქართველო, ქალაქი თბილისი, ნიკოლოზ ანთელავას ქუჩა, N 4(ყოფ. პ. იბერის ქ.) | G2: 268
A3: 38001048993 | B3: =INDEX(ინფო!B:B,MATCH(A3,ინფო!A:A,0)) -> დავითი | C3: =INDEX(ინფო!C:C,MATCH(A3,ინფო!A:A,0)) -> საყვარელიძე | D3: 8 | E3: =INDEX(თანხები!D:D,MATCH(A3,თანხები!A:A,0)) -> 2573.61 | F3: =INDEX(ინფო!D:D,MATCH(A3,ინფო!A:A,0)) -> თბილისი გუდამაყრის ქ. N 2 ბ. 102 | G3: 268
A4: 22001020425 | B4: =INDEX(ინფო!B:B,MATCH(A4,ინფო!A:A,0)) -> ბადრი | C4: =INDEX(ინფო!C:C,MATCH(A4,ინფო!A:A,0)) -> სირაძე | D4: 8 | E4: =INDEX(თანხები!D:D,MATCH(A4,თანხები!A:A,0)) -> 2904.64 | F4: =INDEX(ინფო!D:D,MATCH(A4,ინფო!A:A,0)) -> თბილისი გარდაბნის გზატ. N 42 | G4: 268
A5: 62003016407 | B5: =INDEX(ინფო!B:B,MATCH(A5,ინფო!A:A,0)) -> დავით | C5: =INDEX(ინფო!C:C,MATCH(A5,ინფო!A:A,0)) -> სვირავა | D5: 8 | E5: =INDEX(თანხები!D:D,MATCH(A5,თანხები!A:A,0)) -> #N/A | F5: =INDEX(ინფო!D:D,MATCH(A5,ინფო!A:A,0)) -> თბილისი | G5: 268
B6: =INDEX(ინფო!B:B,MATCH(A6,ინფო!A:A,0)) -> #N/A | C6: =INDEX(ინფო!C:C,MATCH(A6,ინფო!A:A,0)) -> #N/A | D6: 8 | E6: =INDEX(თანხები!D:D,MATCH(A6,თანხები!A:A,0)) -> #N/A | F6: =INDEX(ინფო!D:D,MATCH(A6,ინფო!A:A,0)) -> #N/A | G6: 268
B7: =INDEX(ინფო!B:B,MATCH(A7,ინფო!A:A,0)) -> #N/A | C7: =INDEX(ინფო!C:C,MATCH(A7,ინფო!A:A,0)) -> #N/A | D7: 8 | E7: =INDEX(თანხები!D:D,MATCH(A7,თანხები!A:A,0)) -> #N/A | F7: =INDEX(ინფო!D:D,MATCH(A7,ინფო!A:A,0)) -> #N/A | G7: 268
B8: =INDEX(ინფო!B:B,MATCH(A8,ინფო!A:A,0)) -> #N/A | C8: =INDEX(ინფო!C:C,MATCH(A8,ინფო!A:A,0)) -> #N/A | D8: 8 | E8: =INDEX(თანხები!D:D,MATCH(A8,თანხები!A:A,0)) -> #N/A | F8: =INDEX(ინფო!D:D,MATCH(A8,ინფო!A:A,0)) -> #N/A | G8: 268
B9: =INDEX(ინფო!B:B,MATCH(A9,ინფო!A:A,0)) -> #N/A | C9: =INDEX(ინფო!C:C,MATCH(A9,ინფო!A:A,0)) -> #N/A | D9: 8 | E9: =INDEX(თანხები!D:D,MATCH(A9,თანხები!A:A,0)) -> #N/A | F9: =INDEX(ინფო!D:D,MATCH(A9,ინფო!A:A,0)) -> #N/A | G9: 268
B10: =INDEX(ინფო!B:B,MATCH(A10,ინფო!A:A,0)) -> #N/A | C10: =INDEX(ინფო!C:C,MATCH(A10,ინფო!A:A,0)) -> #N/A | D10: 8 | E10: =INDEX(თანხები!D:D,MATCH(A10,თანხები!A:A,0)) -> #N/A | F10: =INDEX(ინფო!D:D,MATCH(A10,ინფო!A:A,0)) -> #N/A | G10: 268
B11: =INDEX(ინფო!B:B,MATCH(A11,ინფო!A:A,0)) -> #N/A | C11: =INDEX(ინფო!C:C,MATCH(A11,ინფო!A:A,0)) -> #N/A | D11: 8 | E11: =INDEX(თანხები!D:D,MATCH(A11,თანხები!A:A,0)) -> #N/A | F11: =INDEX(ინფო!D:D,MATCH(A11,ინფო!A:A,0)) -> #N/A | G11: 268
B12: =INDEX(ინფო!B:B,MATCH(A12,ინფო!A:A,0)) -> #N/A | C12: =INDEX(ინფო!C:C,MATCH(A12,ინფო!A:A,0)) -> #N/A | D12: 8 | E12: =INDEX(თანხები!D:D,MATCH(A12,თანხები!A:A,0)) -> #N/A | F12: =INDEX(ინფო!D:D,MATCH(A12,ინფო!A:A,0)) -> #N/A | G12: 268
B13: =INDEX(ინფო!B:B,MATCH(A13,ინფო!A:A,0)) -> #N/A | C13: =INDEX(ინფო!C:C,MATCH(A13,ინფო!A:A,0)) -> #N/A | D13: 8 | E13: =INDEX(თანხები!D:D,MATCH(A13,თანხები!A:A,0)) -> #N/A | F13: =INDEX(ინფო!D:D,MATCH(A13,ინფო!A:A,0)) -> #N/A | G13: 268
B14: =INDEX(ინფო!B:B,MATCH(A14,ინფო!A:A,0)) -> #N/A | C14: =INDEX(ინფო!C:C,MATCH(A14,ინფო!A:A,0)) -> #N/A | D14: 8 | E14: =INDEX(თანხები!D:D,MATCH(A14,თანხები!A:A,0)) -> #N/A | F14: =INDEX(ინფო!D:D,MATCH(A14,ინფო!A:A,0)) -> #N/A | G14: 268
B15: =INDEX(ინფო!B:B,MATCH(A15,ინფო!A:A,0)) -> #N/A | C15: =INDEX(ინფო!C:C,MATCH(A15,ინფო!A:A,0)) -> #N/A | D15: 8 | E15: =INDEX(თანხები!D:D,MATCH(A15,თანხები!A:A,0)) -> #N/A | F15: =INDEX(ინფო!D:D,MATCH(A15,ინფო!A:A,0)) -> #N/A | G15: 268
B16: =INDEX(ინფო!B:B,MATCH(A16,ინფო!A:A,0)) -> #N/A | C16: =INDEX(ინფო!C:C,MATCH(A16,ინფო!A:A,0)) -> #N/A | D16: 8 | E16: =INDEX(თანხები!D:D,MATCH(A16,თანხები!A:A,0)) -> #N/A | F16: =INDEX(ინფო!D:D,MATCH(A16,ინფო!A:A,0)) -> #N/A | G16: 268
B17: =INDEX(ინფო!B:B,MATCH(A17,ინფო!A:A,0)) -> #N/A | C17: =INDEX(ინფო!C:C,MATCH(A17,ინფო!A:A,0)) -> #N/A | D17: 8 | E17: =INDEX(თანხები!D:D,MATCH(A17,თანხები!A:A,0)) -> #N/A | F17: =INDEX(ინფო!D:D,MATCH(A17,ინფო!A:A,0)) -> #N/A | G17: 268
B18: =INDEX(ინფო!B:B,MATCH(A18,ინფო!A:A,0)) -> #N/A | C18: =INDEX(ინფო!C:C,MATCH(A18,ინფო!A:A,0)) -> #N/A | D18: 8 | E18: =INDEX(თანხები!D:D,MATCH(A18,თანხები!A:A,0)) -> #N/A | F18: =INDEX(ინფო!D:D,MATCH(A18,ინფო!A:A,0)) -> #N/A | G18: 268

Sheet ინფო
A1: 38001048993 | B1: დავითი | C1: საყვარელიძე | D1: თბილისი გუდამაყრის ქ. N 2 ბ. 102
A2: 42401042214 | B2: ოთარ | C2: კუპრეიშვილი | D2: საქართველო, ქალაქი ფოთი, უშანგი ჩხეიძის ქუჩა, N 3, ბინა 11
A3: 01030053229 | B3: გიორგი | C3: მელაძე | D3: საქართველო, ქალაქი თბილისი, ნიკოლოზ ანთელავას ქუჩა, N 4(ყოფ. პ. იბერის ქ.)
A4: 01026005414 | B4: ზაზა | C4: კაბულაშვილი | D4: საქართველო, ქალაქი თბილისი, ზაზა ფანასკერტელ-ციციშვილის ქუჩა, კორპუსი 15ა, ბინა 51
A5: 61004060093 | B5: მერაბ | C5: ზოიძე | D5: ქობულეთი ს. ჩაისუბანი მე–5 I ჩიხი N 1
A6: 22001020425 | B6: ბადრი | C6: სირაძე | D6: თბილისი გარდაბნის გზატ. N 42
A7: 01001048964 | B7: ბექა | C7: გოგუა | D7: ოჩამჩირე ს. კოჩარა
A8: 01010000461 | B8: მიხეილ | C8: ლომჯარია | D8: საქართველო, ქალაქი თბილისი, შალვა ნუცუბიძის ფერდობი, IV მიკრო/რაიონი, კორპუსი 12, ბინა 3
A9: 01017025072 | B9: ზურაბი | C9: თომაძე | D9: თბილისი გიგა ლორთქიფანიძის ქ. N 13 ფ. 2
A10: 01008013563 | B10: ალექსანდრე | C10: კილასონია | D10: საქართველო, ქალაქი თბილისი, ვაგან მამასახლისოვის ქუჩა, N 7, ბინა 22
A11: 01030053301 | B11: ნინო | C11: კვარაცხელია | D11: საქართველო, ქალაქი თბილისი, ფიროსმანის ქუჩა, N 3
A12: 01011046767 | B12: ინა | C12: მკრტიჩიანი | D12: თბილისი კონსტანტინე ცუცქირიძის შეს. N 7 ფ. 4
... A15: 01019013199 | B15: დავითი | C15: ქავთარაძე | D15: დუშეთი ს. ცივწყარო
A16: 35001031047 | B16: გიორგი | C16: ცისკაძე | D16: თბილისი
A17: 01008062909 | B17: გიორგი | C17: კობაიძე | D17: თბილისი
A18: 01401103956 | B18: გიორგი | C18: მეტრეველი | D18: თბილისი
A19: 01015009684 | B19: თამარ | C19: გვარამია | D19: თბილისი
A20: 24001050126 | B20: ირაკლი | C20: გოდერძიშვილი | D20: თბილისი
A21: 01019085735 | B21: ჰენრი | C21: მანველიშვილი | D21: თბილისი
A22: 47001040600 | B22: რობერტ | C22: ელოიძე | D22: თბილისი
A23: 61004012600 | B23: ნათია | C23: სიხარულიძე | D23: თბილისი
A24: 01001080496 | B24: ალექსანდრე | C24: ჯამელაშვილი | D24: თბილისი
A25: 62003016407 | B25: დავით | C25: სვირავა | D25: თბილისი
A26: 62002006157 | B26: ლიანა | C26: მხეიძე | D26: თბილისი

Sheet თანხები
A1: პნ | B1: სახელი | C1: გვარი | D1: თანხა
A2: =INDEX(ინფო!A:A,MATCH(C2,ინფო!C:C,0)) -> 22001020425 | B2: =INDEX(ინფო!B:B,MATCH(C2,ინფო!C:C,0)) -> ბადრი | C2: სირაძე | D2: 2904.64
A3: =INDEX(ინფო!A:A,MATCH(C3,ინფო!C:C,0)) -> 38001048993 | B3: =INDEX(ინფო!B:B,MATCH(C3,ინფო!C:C,0)) -> დავითი | C3: საყვარელიძე | D3: 2573.61
A4: =INDEX(ინფო!A:A,MATCH(C4,ინფო!C:C,0)) -> 01010000461 | B4: =INDEX(ინფო!B:B,MATCH(C4,ინფო!C:C,0)) -> მიხეილ | C4: ლომჯარია | D4: 1240.08
A5: =INDEX(ინფო!A:A,MATCH(C5,ინფო!C:C,0)) -> #N/A | B5: =INDEX(ინფო!B:B,MATCH(C5,ინფო!C:C,0)) -> #N/A
A6: =INDEX(ინფო!A:A,MATCH(C6,ინფო!C:C,0)) -> #N/A | B6: =INDEX(ინფო!B:B,MATCH(C6,ინფო!C:C,0)) -> #N/A
A7: =INDEX(ინფო!A:A,MATCH(C7,ინფო!C:C,0)) -> #N/A | B7: =INDEX(ინფო!B:B,MATCH(C7,ინფო!C:C,0)) -> #N/A
A8: =INDEX(ინფო!A:A,MATCH(C8,ინფო!C:C,0)) -> #N/A | B8: =INDEX(ინფო!B:B,MATCH(C8,ინფო!C:C,0)) -> #N/A
A9: =INDEX(ინფო!A:A,MATCH(C9,ინფო!C:C,0)) -> #N/A | B9: =INDEX(ინფო!B:B,MATCH(C9,ინფო!C:C,0)) -> #N/A
A10: =INDEX(ინფო!A:A,MATCH(C10,ინფო!C:C,0)) -> #N/A | B10: =INDEX(ინფო!B:B,MATCH(C10,ინფო!C:C,0)) -> #N/A
A11: =INDEX(ინფო!A:A,MATCH(C11,ინფო!C:C,0)) -> #N/A | B11: =INDEX(ინფო!B:B,MATCH(C11,ინფო!C:C,0)) -> #N/A
A12: =INDEX(ინფო!A:A,MATCH(C12,ინფო!C:C,0)) -> #N/A | B12: =INDEX(ინფო!B:B,MATCH(C12,ინფო!C:C,0)) -> #N/A
A13: =INDEX(ინფო!A:A,MATCH(C13,ინფო!C:C,0)) -> #N/A | B13: =INDEX(ინფო!B:B,MATCH(C13,ინფო!C:C,0)) -> #N/A
A14: =INDEX(ინფო!A:A,MATCH(C14,ინფო!C:C,0)) -> #N/A | B14: =INDEX(ინფო!B:B,MATCH(C14,ინფო!C:C,0)) -> #N/A
A15: =INDEX(ინფო!A:A,MATCH(C15,ინფო!C:C,0)) -> #N/A | B15: =INDEX(ინფო!B:B,MATCH(C15,ინფო!C:C,0)) -> #N/A
A16: =INDEX(ინფო!A:A,MATCH(C16,ინფო!C:C,0)) -> #N/A | B16: =INDEX(ინფო!B:B,MATCH(C16,ინფო!C:C,0)) -> #N/A
... A18: =INDEX(ინფო!A:A,MATCH(C18,ინფო!C:C,0)) -> #N/A | B18: =INDEX(ინფო!B:B,MATCH(C18,ინფო!C:C,0)) -> #N/A

Sheet Sheet1
B5: სირაძე | C5: 2904.64
B6: საყვარელიძე | C6: 2573.61
B7: ლომჯარია | C7: 1240.08
