Workbook

Sheet ხელფასები
A1: დღე | B1: თვე | C1: თარიღი | D1: სახელი | E1: გვარი | F1: თანხა
C2: 46216 | D2: ალექსანდრე | E2: ლეჟავა | F2: 125 | G2: =F2/0.98/0.8 -> 159.43878
C3: 46217 | D3: ზურაბი | E3: თომაძე | F3: 1000 | G3: =F3/0.98/0.8 -> 1275.5102
C4: 46222 | D4: ალექსანდრე | E4: ლეჟავა | F4: 225 | G4: =F4/0.98/0.8 -> 286.9898
C5: 46225 | D5: დავით | E5: სვირავა | F5: 1200 | G5: =F5/0.98/0.8 -> 1530.6122
C6: 46230 | D6: ალექსანდრე | E6: ლეჟავა | F6: 225 | G6: =F6/0.98/0.8 -> 286.9898
C7: 46230 | D7: ნანა | E7: კურცხალია | F7: 1200 | G7: =F7/0.98/0.8 -> 1530.6122
C8: 46230 | D8: ზურაბი | E8: თომაძე | F8: 1000 | G8: =F8/0.98/0.8 -> 1275.5102
G9: =SUM(G2:G8) -> 6345.6633

Sheet map
B1: საიდენტიფიკაციო ნომერი (პირადი ნომერი) | C1: თანხის მიმღების სახელი/სამართლებრივი ფორმა | D1: თანხის მიმღების გვარი/დასახელება | E1: მისამართი | F1: პირის რეზიდენტობა (ქვეყანა) | G1: შემოსავლის მიმღებ პირთა კატეგორია | H1: განაცემის სახე | I1: განაცემი თანხა (ლარი) | J1: შეღავათის ოდენობა | K1: გაცემის თარიღი | L1: წყაროსთან დასაკავებელი გადასახადის განაკვეთი | M1: წყაროსთან დაკავებული გადასახადი (ლარი) | N1: სოციალური გადასახადი | O1: საერთაშორისო ხელშეკრულების საფუძველზე გათავისუფლებას დაქვემდებარებული გადასახადის თანხა (ლარი) | P1: შესამცირებელი საშემოსავლო გადასახადი (ლარი)
A2: =CONCATENATE(C2,D2) -> ალექსანდრეკილასონია | B2: 01008013563 | C2: ალექსანდრე | D2: კილასონია | E2: თბილისი, ვაგან მამასახლისოვის ქუჩა, N 7, ბინა 22 | F2: 268 | G2: 4 | H2: 1 | I2: 127.55 | J2: 2.55 | K2: 24.09.2022 | L2: 20 | M2: 25 | N2: 0 | O2: 0 | P2: 0
A3: =CONCATENATE(C3,D3) -> ნანაკურცხალია | B3: 01003003707 | C3: ნანა | D3: კურცხალია | E3: თბილისი, მუხიანი მესამე მ/რ, კორპუსი 1 | F3: 268 | G3: 4 | H3: 1 | I3: 127.55 | J3: 2.55 | K3: 24.09.2022 | L3: 20 | M3: 25 | N3: 0 | O3: 0 | P3: 0
A4: =CONCATENATE(C4,D4) -> დიანალეჟავა | B4: 01009017149 | C4: დიანა | D4: ლეჟავა | E4: თბილისი, ვაჟა-ფშაველას გამზირის III კვარტალი, კორპუსი 22ბ, ბინა 16 | F4: 268 | G4: 4 | H4: 1 | I4: 127.55 | J4: 2.55 | K4: 24.09.2022 | L4: 20 | M4: 25 | N4: 0 | O4: 0 | P4: 0
A5: =CONCATENATE(C5,D5) -> თამარიადამია | B5: 01017044991 | C5: თამარი | D5: ადამია | E5: თბილისი, ივანე თარხნიშვილის ქუჩა, N 23, ბინა 14 | F5: 268 | G5: 4 | H5: 1 | I5: 127.55 | J5: 2.55 | K5: 24.09.2022 | L5: 20 | M5: 25 | N5: 0 | O5: 0 | P5: 0
A6: =CONCATENATE(C6,D6) -> ზურაბითომაძე | B6: 01017025072 | C6: ზურაბი | D6: თომაძე | E6: თბილისი გიგა ლორთქიფანიძის ქ. N 13 ფ. 2 | F6: 268 | G6: 4 | H6: 1 | I6: 127.55 | J6: 2.55 | K6: 24.09.2022 | L6: 20 | M6: 25 | N6: 0 | O6: 0 | P6: 0
A7: =CONCATENATE(C7,D7) -> მაიაარჩვაძე | B7: 01001015305 | C7: მაია | D7: არჩვაძე | E7: თბილისი გიგა ლორთქიფანიძის ქ. N 13 ფ. 2 | F7: 268 | G7: 4 | H7: 1 | I7: 127.55 | J7: 2.55 | K7: 24.09.2022 | L7: 20 | M7: 25 | N7: 0 | O7: 0 | P7: 0
A8: =CONCATENATE(C8,D8) -> გიორგიმელაძე | B8: 01030053229 | C8: გიორგი | D8: მელაძე | E8: თბილისი, ნიკოლოზ ანთელავას ქუჩა, N 4(ყოფ. პ. იბერის ქ.) | F8: 268 | G8: 4 | H8: 1 | I8: 127.55 | J8: 2.55 | K8: 24.09.2022 | L8: 20 | M8: 25 | N8: 0 | O8: 0 | P8: 0
A9: =CONCATENATE(C9,D9) -> ალექსანდრელეჟავა | B9: 01009003935 | C9: ალექსანდრე | D9: ლეჟავა | E9: თბილისი | F9: 268 | G9: 4 | H9: 1 | I9: 127.55 | J9: 2.55 | K9: 24.09.2022 | L9: 20 | M9: 25 | N9: 0 | O9: 0 | P9: 0
A10: =CONCATENATE(C10,D10) -> საბაცაგარეიშვილი | B10: 01001083359 | C10: საბა | D10: ცაგარეიშვილი | E10: თბილისი | F10: 268 | G10: 4 | H10: 1 | I10: 127.55 | J10: 2.55 | K10: 24.09.2022 | L10: 20 | M10: 25 | N10: 0 | O10: 0 | P10: 0
A11: =CONCATENATE(C11,D11) -> დავითსვირავა | B11: 62003016407 | C11: დავით | D11: სვირავა | E11: თბილისი | F11: 268 | G11: 4 | H11: 1 | I11: 127.55 | J11: 2.55 | K11: 24.09.2022 | L11: 20 | M11: 25 | N11: 0 | O11: 0 | P11: 0
A12: =CONCATENATE(C12,D12)
A13: =CONCATENATE(C13,D13)
A14: =CONCATENATE(C14,D14)
A15: =CONCATENATE(C15,D15)
A16: =CONCATENATE(C16,D16)
A17: =CONCATENATE(C17,D17)
A18: =CONCATENATE(C18,D18)
A19: =CONCATENATE(C19,D19)

Sheet გადასატანი ცხრილი
A1: საიდენტიფიკაციო ნომერი (პირადი ნომერი) | B1: თანხის მიმღების სახელი/სამართლებრივი ფორმა | C1: თანხის მიმღების გვარი/დასახელება | D1: მისამართი | E1: პირის რეზიდენტობა (ქვეყანა) | F1: შემოსავლის მიმღებ პირთა კატეგორია | G1: განაცემის სახე | H1: განაცემი თანხა (ლარი) | I1: შეღავათის ოდენობა | K1: გაცემის თარიღი | L1: წყაროსთან დასაკავებელი გადასახადის განაკვეთი | M1: წყაროსთან დაკავებული გადასახადი (ლარი) | N1: სოციალური გადასახადი | O1: საერთაშორისო ხელშეკრულების საფუძველზე გათავისუფლებას დაქვემდებარებული გადასახადის თანხა (ლარი) | P1: შესამცირებელი საშემოსავლო გადასახადი (ლარი)
A2: =VLOOKUP(CONCATENATE(ხელფასები!D2,ხელფასები!E2),map!$A$1:$P$100,2,FALSE) -> 01009003935 | B2: =VLOOKUP(CONCATENATE(ხელფასები!D2,ხელფასები!E2),map!$A$1:$P$120,3,FALSE) -> ალექსანდრე | C2: =VLOOKUP(CONCATENATE(ხელფასები!D2,ხელფასები!E2),map!$A$1:$P$120,4,FALSE) -> ლეჟავა | D2: =VLOOKUP(CONCATENATE(ხელფასები!D2,ხელფასები!E2),map!$A$1:$P$102,5,FALSE) -> თბილისი | E2: =VLOOKUP(CONCATENATE(ხელფასები!D2,ხელფასები!E2),map!$A$1:$P$102,6,FALSE) -> 268 | F2: =VLOOKUP(CONCATENATE(ხელფასები!D2,ხელფასები!E2),map!$A$1:$P$102,7,FALSE) -> 4 | G2: =VLOOKUP(CONCATENATE(ხელფასები!D2,ხელფასები!E2),map!$A$1:$P$102,8,FALSE) -> 1 | H2: =IF(VLOOKUP(CONCATENATE(ხელფასები!D2,ხელფასები!E2),map!$A$1:$P$102,10,FALSE)="0",ხელფასები!F2/0.8,ხელფასები!F2/0.8/0.98) -> 159.43878 | I2: =IF(VLOOKUP(CONCATENATE(ხელფასები!D2,ხელფასები!E2),map!$A$1:$P$102,10,FALSE)="0","0",ხელფასები!F2/0.8/0.98*0.02) -> 3.1887755 | J2: 0 | K2: =CONCATENATE(IF(LEN(DAY(ხელფასები!C2))>1,DAY(ხელფასები!C2),CONCATENATE("0",DAY(ხელფასები!C2))),"/",MONTH(ხელფასები!C2),"/",YEAR(ხელფასები!C2)) -> 13/7/2026 | L2: =VLOOKUP(CONCATENATE(ხელფასები!D2,ხელფასები!E2),map!$A$1:$P$102,12,FALSE) -> 20 | M2: =IF(VLOOKUP(CONCATENATE(ხელფასები!D2,ხელფასები!E2),map!$A$1:$P$102,10,FALSE)="0",ხელფასები!F2/0.8*0.2,(ხელფასები!F2/0.8/0.98-ხელფასები!F2/0.8/0.98*0.02)*0.2) -> 31.25 | N2: =VLOOKUP(CONCATENATE(ხელფასები!D2,ხელფასები!E2),map!$A$1:$P$102,14,FALSE) -> 0 | O2: =VLOOKUP(CONCATENATE(ხელფასები!D2,ხელფასები!E2),map!$A$1:$P$102,15,FALSE) -> 0 | P2: =VLOOKUP(CONCATENATE(ხელფასები!D2,ხელფასები!E2),map!$A$1:$P$102,16,FALSE) -> 0
A3: =VLOOKUP(CONCATENATE(ხელფასები!D3,ხელფასები!E3),map!$A$1:$P$100,2,FALSE) -> 01017025072 | B3: =VLOOKUP(CONCATENATE(ხელფასები!D3,ხელფასები!E3),map!$A$1:$P$120,3,FALSE) -> ზურაბი | C3: =VLOOKUP(CONCATENATE(ხელფასები!D3,ხელფასები!E3),map!$A$1:$P$120,4,FALSE) -> თომაძე | D3: =VLOOKUP(CONCATENATE(ხელფასები!D3,ხელფასები!E3),map!$A$1:$P$102,5,FALSE) -> თბილისი გიგა ლორთქიფანიძის ქ. N 13 ფ. 2 | E3: =VLOOKUP(CONCATENATE(ხელფასები!D3,ხელფასები!E3),map!$A$1:$P$102,6,FALSE) -> 268 | F3: =VLOOKUP(CONCATENATE(ხელფასები!D3,ხელფასები!E3),map!$A$1:$P$102,7,FALSE) -> 4 | G3: =VLOOKUP(CONCATENATE(ხელფასები!D3,ხელფასები!E3),map!$A$1:$P$102,8,FALSE) -> 1 | H3: =IF(VLOOKUP(CONCATENATE(ხელფასები!D3,ხელფასები!E3),map!$A$1:$P$102,10,FALSE)="0",ხელფასები!F3/0.8,ხელფასები!F3/0.8/0.98) -> 1275.5102 | I3: =IF(VLOOKUP(CONCATENATE(ხელფასები!D3,ხელფასები!E3),map!$A$1:$P$102,10,FALSE)="0","0",ხელფასები!F3/0.8/0.98*0.02) -> 25.510204 | J3: 0 | K3: =CONCATENATE(IF(LEN(DAY(ხელფასები!C3))>1,DAY(ხელფასები!C3),CONCATENATE("0",DAY(ხელფასები!C3))),"/",MONTH(ხელფასები!C3),"/",YEAR(ხელფასები!C3)) -> 14/7/2026 | L3: =VLOOKUP(CONCATENATE(ხელფასები!D3,ხელფასები!E3),map!$A$1:$P$102,12,FALSE) -> 20 | M3: =IF(VLOOKUP(CONCATENATE(ხელფასები!D3,ხელფასები!E3),map!$A$1:$P$102,10,FALSE)="0",ხელფასები!F3/0.8*0.2,(ხელფასები!F3/0.8/0.98-ხელფასები!F3/0.8/0.98*0.02)*0.2) -> 250 | N3: =VLOOKUP(CONCATENATE(ხელფასები!D3,ხელფასები!E3),map!$A$1:$P$102,14,FALSE) -> 0 | O3: =VLOOKUP(CONCATENATE(ხელფასები!D3,ხელფასები!E3),map!$A$1:$P$102,15,FALSE) -> 0 | P3: =VLOOKUP(CONCATENATE(ხელფასები!D3,ხელფასები!E3),map!$A$1:$P$102,16,FALSE) -> 0
A4: =VLOOKUP(CONCATENATE(ხელფასები!D4,ხელფასები!E4),map!$A$1:$P$100,2,FALSE) -> 01009003935 | B4: =VLOOKUP(CONCATENATE(ხელფასები!D4,ხელფასები!E4),map!$A$1:$P$120,3,FALSE) -> ალექსანდრე | C4: =VLOOKUP(CONCATENATE(ხელფასები!D4,ხელფასები!E4),map!$A$1:$P$120,4,FALSE) -> ლეჟავა | D4: =VLOOKUP(CONCATENATE(ხელფასები!D4,ხელფასები!E4),map!$A$1:$P$102,5,FALSE) -> თბილისი | E4: =VLOOKUP(CONCATENATE(ხელფასები!D4,ხელფასები!E4),map!$A$1:$P$102,6,FALSE) -> 268 | F4: =VLOOKUP(CONCATENATE(ხელფასები!D4,ხელფასები!E4),map!$A$1:$P$102,7,FALSE) -> 4 | G4: =VLOOKUP(CONCATENATE(ხელფასები!D4,ხელფასები!E4),map!$A$1:$P$102,8,FALSE) -> 1 | H4: =IF(VLOOKUP(CONCATENATE(ხელფასები!D4,ხელფასები!E4),map!$A$1:$P$102,10,FALSE)="0",ხელფასები!F4/0.8,ხელფასები!F4/0.8/0.98) -> 286.9898 | I4: =IF(VLOOKUP(CONCATENATE(ხელფასები!D4,ხელფასები!E4),map!$A$1:$P$102,10,FALSE)="0","0",ხელფასები!F4/0.8/0.98*0.02) -> 5.7397959 | J4: 0 | K4: =CONCATENATE(IF(LEN(DAY(ხელფასები!C4))>1,DAY(ხელფასები!C4),CONCATENATE("0",DAY(ხელფასები!C4))),"/",MONTH(ხელფასები!C4),"/",YEAR(ხელფასები!C4)) -> 19/7/2026 | L4: =VLOOKUP(CONCATENATE(ხელფასები!D4,ხელფასები!E4),map!$A$1:$P$102,12,FALSE) -> 20 | M4: =IF(VLOOKUP(CONCATENATE(ხელფასები!D4,ხელფასები!E4),map!$A$1:$P$102,10,FALSE)="0",ხელფასები!F4/0.8*0.2,(ხელფასები!F4/0.8/0.98-ხელფასები!F4/0.8/0.98*0.02)*0.2) -> 56.25 | N4: =VLOOKUP(CONCATENATE(ხელფასები!D4,ხელფასები!E4),map!$A$1:$P$102,14,FALSE) -> 0 | O4: =VLOOKUP(CONCATENATE(ხელფასები!D4,ხელფასები!E4),map!$A$1:$P$102,15,FALSE) -> 0 | P4: =VLOOKUP(CONCATENATE(ხელფასები!D4,ხელფასები!E4),map!$A$1:$P$102,16,FALSE) -> 0
A5: =VLOOKUP(CONCATENATE(ხელფასები!D5,ხელფასები!E5),map!$A$1:$P$100,2,FALSE) -> 62003016407 | B5: =VLOOKUP(CONCATENATE(ხელფასები!D5,ხელფასები!E5),map!$A$1:$P$120,3,FALSE) -> დავით | C5: =VLOOKUP(CONCATENATE(ხელფასები!D5,ხელფასები!E5),map!$A$1:$P$120,4,FALSE) -> სვირავა | D5: =VLOOKUP(CONCATENATE(ხელფასები!D5,ხელფასები!E5),map!$A$1:$P$102,5,FALSE) -> თბილისი | E5: =VLOOKUP(CONCATENATE(ხელფასები!D5,ხელფასები!E5),map!$A$1:$P$102,6,FALSE) -> 268 | F5: =VLOOKUP(CONCATENATE(ხელფასები!D5,ხელფასები!E5),map!$A$1:$P$102,7,FALSE) -> 4 | G5: =VLOOKUP(CONCATENATE(ხელფასები!D5,ხელფასები!E5),map!$A$1:$P$102,8,FALSE) -> 1 | H5: =IF(VLOOKUP(CONCATENATE(ხელფასები!D5,ხელფასები!E5),map!$A$1:$P$102,10,FALSE)="0",ხელფასები!F5/0.8,ხელფასები!F5/0.8/0.98) -> 1530.6122 | I5: =IF(VLOOKUP(CONCATENATE(ხელფასები!D5,ხელფასები!E5),map!$A$1:$P$102,10,FALSE)="0","0",ხელფასები!F5/0.8/0.98*0.02) -> 30.612245 | J5: 0 | K5: =CONCATENATE(IF(LEN(DAY(ხელფასები!C5))>1,DAY(ხელფასები!C5),CONCATENATE("0",DAY(ხელფასები!C5))),"/",MONTH(ხელფასები!C5),"/",YEAR(ხელფასები!C5)) -> 22/7/2026 | L5: =VLOOKUP(CONCATENATE(ხელფასები!D5,ხელფასები!E5),map!$A$1:$P$102,12,FALSE) -> 20 | M5: =IF(VLOOKUP(CONCATENATE(ხელფასები!D5,ხელფასები!E5),map!$A$1:$P$102,10,FALSE)="0",ხელფასები!F5/0.8*0.2,(ხელფასები!F5/0.8/0.98-ხელფასები!F5/0.8/0.98*0.02)*0.2) -> 300 | N5: =VLOOKUP(CONCATENATE(ხელფასები!D5,ხელფასები!E5),map!$A$1:$P$102,14,FALSE) -> 0 | O5: =VLOOKUP(CONCATENATE(ხელფასები!D5,ხელფასები!E5),map!$A$1:$P$102,15,FALSE) -> 0 | P5: =VLOOKUP(CONCATENATE(ხელფასები!D5,ხელფასები!E5),map!$A$1:$P$102,16,FALSE) -> 0
A6: =VLOOKUP(CONCATENATE(ხელფასები!D6,ხელფასები!E6),map!$A$1:$P$100,2,FALSE) -> 01009003935 | B6: =VLOOKUP(CONCATENATE(ხელფასები!D6,ხელფასები!E6),map!$A$1:$P$120,3,FALSE) -> ალექსანდრე | C6: =VLOOKUP(CONCATENATE(ხელფასები!D6,ხელფასები!E6),map!$A$1:$P$120,4,FALSE) -> ლეჟავა | D6: =VLOOKUP(CONCATENATE(ხელფასები!D6,ხელფასები!E6),map!$A$1:$P$102,5,FALSE) -> თბილისი | E6: =VLOOKUP(CONCATENATE(ხელფასები!D6,ხელფასები!E6),map!$A$1:$P$102,6,FALSE) -> 268 | F6: =VLOOKUP(CONCATENATE(ხელფასები!D6,ხელფასები!E6),map!$A$1:$P$102,7,FALSE) -> 4 | G6: =VLOOKUP(CONCATENATE(ხელფასები!D6,ხელფასები!E6),map!$A$1:$P$102,8,FALSE) -> 1 | H6: =IF(VLOOKUP(CONCATENATE(ხელფასები!D6,ხელფასები!E6),map!$A$1:$P$102,10,FALSE)="0",ხელფასები!F6/0.8,ხელფასები!F6/0.8/0.98) -> 286.9898 | I6: =IF(VLOOKUP(CONCATENATE(ხელფასები!D6,ხელფასები!E6),map!$A$1:$P$102,10,FALSE)="0","0",ხელფასები!F6/0.8/0.98*0.02) -> 5.7397959 | J6: 0 | K6: =CONCATENATE(IF(LEN(DAY(ხელფასები!C6))>1,DAY(ხელფასები!C6),CONCATENATE("0",DAY(ხელფასები!C6))),"/",MONTH(ხელფასები!C6),"/",YEAR(ხელფასები!C6)) -> 27/7/2026 | L6: =VLOOKUP(CONCATENATE(ხელფასები!D6,ხელფასები!E6),map!$A$1:$P$102,12,FALSE) -> 20 | M6: =IF(VLOOKUP(CONCATENATE(ხელფასები!D6,ხელფასები!E6),map!$A$1:$P$102,10,FALSE)="0",ხელფასები!F6/0.8*0.2,(ხელფასები!F6/0.8/0.98-ხელფასები!F6/0.8/0.98*0.02)*0.2) -> 56.25 | N6: =VLOOKUP(CONCATENATE(ხელფასები!D6,ხელფასები!E6),map!$A$1:$P$102,14,FALSE) -> 0 | O6: =VLOOKUP(CONCATENATE(ხელფასები!D6,ხელფასები!E6),map!$A$1:$P$102,15,FALSE) -> 0 | P6: =VLOOKUP(CONCATENATE(ხელფასები!D6,ხელფასები!E6),map!$A$1:$P$102,16,FALSE) -> 0
A7: =VLOOKUP(CONCATENATE(ხელფასები!D7,ხელფასები!E7),map!$A$1:$P$100,2,FALSE) -> 01003003707 | B7: =VLOOKUP(CONCATENATE(ხელფასები!D7,ხელფასები!E7),map!$A$1:$P$120,3,FALSE) -> ნანა | C7: =VLOOKUP(CONCATENATE(ხელფასები!D7,ხელფასები!E7),map!$A$1:$P$120,4,FALSE) -> კურცხალია | D7: =VLOOKUP(CONCATENATE(ხელფასები!D7,ხელფასები!E7),map!$A$1:$P$102,5,FALSE) -> თბილისი, მუხიანი მესამე მ/რ, კორპუსი 1 | E7: =VLOOKUP(CONCATENATE(ხელფასები!D7,ხელფასები!E7),map!$A$1:$P$102,6,FALSE) -> 268 | F7: =VLOOKUP(CONCATENATE(ხელფასები!D7,ხელფასები!E7),map!$A$1:$P$102,7,FALSE) -> 4 | G7: =VLOOKUP(CONCATENATE(ხელფასები!D7,ხელფასები!E7),map!$A$1:$P$102,8,FALSE) -> 1 | H7: =IF(VLOOKUP(CONCATENATE(ხელფასები!D7,ხელფასები!E7),map!$A$1:$P$102,10,FALSE)="0",ხელფასები!F7/0.8,ხელფასები!F7/0.8/0.98) -> 1530.6122 | I7: =IF(VLOOKUP(CONCATENATE(ხელფასები!D7,ხელფასები!E7),map!$A$1:$P$102,10,FALSE)="0","0",ხელფასები!F7/0.8/0.98*0.02) -> 30.612245 | J7: 0 | K7: =CONCATENATE(IF(LEN(DAY(ხელფასები!C7))>1,DAY(ხელფასები!C7),CONCATENATE("0",DAY(ხელფასები!C7))),"/",MONTH(ხელფასები!C7),"/",YEAR(ხელფასები!C7)) -> 27/7/2026 | L7: =VLOOKUP(CONCATENATE(ხელფასები!D7,ხელფასები!E7),map!$A$1:$P$102,12,FALSE) -> 20 | M7: =IF(VLOOKUP(CONCATENATE(ხელფასები!D7,ხელფასები!E7),map!$A$1:$P$102,10,FALSE)="0",ხელფასები!F7/0.8*0.2,(ხელფასები!F7/0.8/0.98-ხელფასები!F7/0.8/0.98*0.02)*0.2) -> 300 | N7: =VLOOKUP(CONCATENATE(ხელფასები!D7,ხელფასები!E7),map!$A$1:$P$102,14,FALSE) -> 0 | O7: =VLOOKUP(CONCATENATE(ხელფასები!D7,ხელფასები!E7),map!$A$1:$P$102,15,FALSE) -> 0 | P7: =VLOOKUP(CONCATENATE(ხელფასები!D7,ხელფასები!E7),map!$A$1:$P$102,16,FALSE) -> 0
A8: =VLOOKUP(CONCATENATE(ხელფასები!D8,ხელფასები!E8),map!$A$1:$P$100,2,FALSE) -> 01017025072 | B8: =VLOOKUP(CONCATENATE(ხელფასები!D8,ხელფასები!E8),map!$A$1:$P$120,3,FALSE) -> ზურაბი | C8: =VLOOKUP(CONCATENATE(ხელფასები!D8,ხელფასები!E8),map!$A$1:$P$120,4,FALSE) -> თომაძე | D8: =VLOOKUP(CONCATENATE(ხელფასები!D8,ხელფასები!E8),map!$A$1:$P$102,5,FALSE) -> თბილისი გიგა ლორთქიფანიძის ქ. N 13 ფ. 2 | E8: =VLOOKUP(CONCATENATE(ხელფასები!D8,ხელფასები!E8),map!$A$1:$P$102,6,FALSE) -> 268 | F8: =VLOOKUP(CONCATENATE(ხელფასები!D8,ხელფასები!E8),map!$A$1:$P$102,7,FALSE) -> 4 | G8: =VLOOKUP(CONCATENATE(ხელფასები!D8,ხელფასები!E8),map!$A$1:$P$102,8,FALSE) -> 1 | H8: =IF(VLOOKUP(CONCATENATE(ხელფასები!D8,ხელფასები!E8),map!$A$1:$P$102,10,FALSE)="0",ხელფასები!F8/0.8,ხელფასები!F8/0.8/0.98) -> 1275.5102 | I8: =IF(VLOOKUP(CONCATENATE(ხელფასები!D8,ხელფასები!E8),map!$A$1:$P$102,10,FALSE)="0","0",ხელფასები!F8/0.8/0.98*0.02) -> 25.510204 | J8: 0 | K8: =CONCATENATE(IF(LEN(DAY(ხელფასები!C8))>1,DAY(ხელფასები!C8),CONCATENATE("0",DAY(ხელფასები!C8))),"/",MONTH(ხელფასები!C8),"/",YEAR(ხელფასები!C8)) -> 27/7/2026 | L8: =VLOOKUP(CONCATENATE(ხელფასები!D8,ხელფასები!E8),map!$A$1:$P$102,12,FALSE) -> 20 | M8: =IF(VLOOKUP(CONCATENATE(ხელფასები!D8,ხელფასები!E8),map!$A$1:$P$102,10,FALSE)="0",ხელფასები!F8/0.8*0.2,(ხელფასები!F8/0.8/0.98-ხელფასები!F8/0.8/0.98*0.02)*0.2) -> 250 | N8: =VLOOKUP(CONCATENATE(ხელფასები!D8,ხელფასები!E8),map!$A$1:$P$102,14,FALSE) -> 0 | O8: =VLOOKUP(CONCATENATE(ხელფასები!D8,ხელფასები!E8),map!$A$1:$P$102,15,FALSE) -> 0 | P8: =VLOOKUP(CONCATENATE(ხელფასები!D8,ხელფასები!E8),map!$A$1:$P$102,16,FALSE) -> 0
A9: =VLOOKUP(CONCATENATE(ხელფასები!D9,ხელფასები!E9),map!$A$1:$P$100,2,FALSE) -> 0 | B9: =VLOOKUP(CONCATENATE(ხელფასები!D9,ხელფასები!E9),map!$A$1:$P$120,3,FALSE) -> 0 | C9: =VLOOKUP(CONCATENATE(ხელფასები!D9,ხელფასები!E9),map!$A$1:$P$120,4,FALSE) -> 0 | D9: =VLOOKUP(CONCATENATE(ხელფასები!D9,ხელფასები!E9),map!$A$1:$P$102,5,FALSE) -> 0 | E9: =VLOOKUP(CONCATENATE(ხელფასები!D9,ხელფასები!E9),map!$A$1:$P$102,6,FALSE) -> 0 | F9: =VLOOKUP(CONCATENATE(ხელფასები!D9,ხელფასები!E9),map!$A$1:$P$102,7,FALSE) -> 0 | G9: =VLOOKUP(CONCATENATE(ხელფასები!D9,ხელფასები!E9),map!$A$1:$P$102,8,FALSE) -> 0 | H9: =IF(VLOOKUP(CONCATENATE(ხელფასები!D9,ხელფასები!E9),map!$A$1:$P$102,10,FALSE)="0",ხელფასები!F9/0.8,ხელფასები!F9/0.8/0.98) -> 0 | I9: =IF(VLOOKUP(CONCATENATE(ხელფასები!D9,ხელფასები!E9),map!$A$1:$P$102,10,FALSE)="0","0",ხელფასები!F9/0.8/0.98*0.02) -> 0 | J9: 0 | K9: =CONCATENATE(IF(LEN(DAY(ხელფასები!C9))>1,DAY(ხელფასები!C9),CONCATENATE("0",DAY(ხელფასები!C9))),"/",MONTH(ხელფასები!C9),"/",YEAR(ხელფასები!C9)) -> 00/1/1900 | L9: =VLOOKUP(CONCATENATE(ხელფასები!D9,ხელფასები!E9),map!$A$1:$P$102,12,FALSE) -> 0 | M9: =IF(VLOOKUP(CONCATENATE(ხელფასები!D9,ხელფასები!E9),map!$A$1:$P$102,10,FALSE)="0",ხელფასები!F9/0.8*0.2,(ხელფასები!F9/0.8/0.98-ხელფასები!F9/0.8/0.98*0.02)*0.2) -> 0 | N9: =VLOOKUP(CONCATENATE(ხელფასები!D9,ხელფასები!E9),map!$A$1:$P$102,14,FALSE) -> 0 | O9: =VLOOKUP(CONCATENATE(ხელფასები!D9,ხელფასები!E9),map!$A$1:$P$102,15,FALSE) -> 0 | P9: =VLOOKUP(CONCATENATE(ხელფასები!D9,ხელფასები!E9),map!$A$1:$P$102,16,FALSE) -> 0
A10: =VLOOKUP(CONCATENATE(ხელფასები!D10,ხელფასები!E10),map!$A$1:$P$100,2,FALSE) -> 0 | B10: =VLOOKUP(CONCATENATE(ხელფასები!D10,ხელფასები!E10),map!$A$1:$P$120,3,FALSE) -> 0 | C10: =VLOOKUP(CONCATENATE(ხელფასები!D10,ხელფასები!E10),map!$A$1:$P$120,4,FALSE) -> 0 | D10: =VLOOKUP(CONCATENATE(ხელფასები!D10,ხელფასები!E10),map!$A$1:$P$102,5,FALSE) -> 0 | E10: =VLOOKUP(CONCATENATE(ხელფასები!D10,ხელფასები!E10),map!$A$1:$P$102,6,FALSE) -> 0 | F10: =VLOOKUP(CONCATENATE(ხელფასები!D10,ხელფასები!E10),map!$A$1:$P$102,7,FALSE) -> 0 | G10: =VLOOKUP(CONCATENATE(ხელფასები!D10,ხელფასები!E10),map!$A$1:$P$102,8,FALSE) -> 0 | H10: =IF(VLOOKUP(CONCATENATE(ხელფასები!D10,ხელფასები!E10),map!$A$1:$P$102,10,FALSE)="0",ხელფასები!F10/0.8,ხელფასები!F10/0.8/0.98) -> 0 | I10: =IF(VLOOKUP(CONCATENATE(ხელფასები!D10,ხელფასები!E10),map!$A$1:$P$102,10,FALSE)="0","0",ხელფასები!F10/0.8/0.98*0.02) -> 0 | J10: 1 | K10: =CONCATENATE(IF(LEN(DAY(ხელფასები!C10))>1,DAY(ხელფასები!C10),CONCATENATE("0",DAY(ხელფასები!C10))),"/",MONTH(ხელფასები!C10),"/",YEAR(ხელფასები!C10)) -> 00/1/1900 | L10: =VLOOKUP(CONCATENATE(ხელფასები!D10,ხელფასები!E10),map!$A$1:$P$102,12,FALSE) -> 0 | M10: =IF(VLOOKUP(CONCATENATE(ხელფასები!D10,ხელფასები!E10),map!$A$1:$P$102,10,FALSE)="0",ხელფასები!F10/0.8*0.2,(ხელფასები!F10/0.8/0.98-ხელფასები!F10/0.8/0.98*0.02)*0.2) -> 0 | N10: =VLOOKUP(CONCATENATE(ხელფასები!D10,ხელფასები!E10),map!$A$1:$P$102,14,FALSE) -> 0 | O10: =VLOOKUP(CONCATENATE(ხელფასები!D10,ხელფასები!E10),map!$A$1:$P$102,15,FALSE) -> 0 | P10: =VLOOKUP(CONCATENATE(ხელფასები!D10,ხელფასები!E10),map!$A$1:$P$102,16,FALSE) -> 0
A11: =VLOOKUP(CONCATENATE(ხელფასები!D10,ხელფასები!E10),map!$A$1:$P$100,2,FALSE) -> 0 | B11: =VLOOKUP(CONCATENATE(ხელფასები!D10,ხელფასები!E10),map!$A$1:$P$120,3,FALSE) -> 0 | C11: =VLOOKUP(CONCATENATE(ხელფასები!D10,ხელფასები!E10),map!$A$1:$P$120,4,FALSE) -> 0 | D11: =VLOOKUP(CONCATENATE(ხელფასები!D10,ხელფასები!E10),map!$A$1:$P$102,5,FALSE) -> 0 | E11: =VLOOKUP(CONCATENATE(ხელფასები!D10,ხელფასები!E10),map!$A$1:$P$102,6,FALSE) -> 0 | F11: =VLOOKUP(CONCATENATE(ხელფასები!D10,ხელფასები!E10),map!$A$1:$P$102,7,FALSE) -> 0 | G11: =VLOOKUP(CONCATENATE(ხელფასები!D10,ხელფასები!E10),map!$A$1:$P$102,8,FALSE) -> 0 | H11: =IF(VLOOKUP(CONCATENATE(ხელფასები!D10,ხელფასები!E10),map!$A$1:$P$102,10,FALSE)="0",ხელფასები!F10/0.8,ხელფასები!F10/0.8/0.98) -> 0 | I11: =IF(VLOOKUP(CONCATENATE(ხელფასები!D10,ხელფასები!E10),map!$A$1:$P$102,10,FALSE)="0","0",ხელფასები!F10/0.8/0.98*0.02) -> 0 | J11: 0 | K11: =CONCATENATE(IF(LEN(DAY(ხელფასები!C10))>1,DAY(ხელფასები!C10),CONCATENATE("0",DAY(ხელფასები!C10))),"/",MONTH(ხელფასები!C10),"/",YEAR(ხელფასები!C10)) -> 00/1/1900 | L11: =VLOOKUP(CONCATENATE(ხელფასები!D10,ხელფასები!E10),map!$A$1:$P$102,12,FALSE) -> 0 | M11: =IF(VLOOKUP(CONCATENATE(ხელფასები!D10,ხელფასები!E10),map!$A$1:$P$102,10,FALSE)="0",ხელფასები!F10/0.8*0.2,(ხელფასები!F10/0.8/0.98-ხელფასები!F10/0.8/0.98*0.02)*0.2) -> 0 | N11: =VLOOKUP(CONCATENATE(ხელფასები!D10,ხელფასები!E10),map!$A$1:$P$102,14,FALSE) -> 0 | O11: =VLOOKUP(CONCATENATE(ხელფასები!D10,ხელფასები!E10),map!$A$1:$P$102,15,FALSE) -> 0 | P11: =VLOOKUP(CONCATENATE(ხელფასები!D10,ხელფასები!E10),map!$A$1:$P$102,16,FALSE) -> 0
A12: =VLOOKUP(CONCATENATE(ხელფასები!D11,ხელფასები!E11),map!$A$1:$P$100,2,FALSE) -> 0 | B12: =VLOOKUP(CONCATENATE(ხელფასები!D11,ხელფასები!E11),map!$A$1:$P$120,3,FALSE) -> 0 | C12: =VLOOKUP(CONCATENATE(ხელფასები!D11,ხელფასები!E11),map!$A$1:$P$120,4,FALSE) -> 0 | D12: =VLOOKUP(CONCATENATE(ხელფასები!D11,ხელფასები!E11),map!$A$1:$P$102,5,FALSE) -> 0 | E12: =VLOOKUP(CONCATENATE(ხელფასები!D11,ხელფასები!E11),map!$A$1:$P$102,6,FALSE) -> 0 | F12: =VLOOKUP(CONCATENATE(ხელფასები!D11,ხელფასები!E11),map!$A$1:$P$102,7,FALSE) -> 0 | G12: =VLOOKUP(CONCATENATE(ხელფასები!D11,ხელფასები!E11),map!$A$1:$P$102,8,FALSE) -> 0 | H12: =IF(VLOOKUP(CONCATENATE(ხელფასები!D11,ხელფასები!E11),map!$A$1:$P$102,10,FALSE)="0",ხელფასები!F11/0.8,ხელფასები!F11/0.8/0.98) -> 0 | I12: =IF(VLOOKUP(CONCATENATE(ხელფასები!D11,ხელფასები!E11),map!$A$1:$P$102,10,FALSE)="0","0",ხელფასები!F11/0.8/0.98*0.02) -> 0 | J12: 0 | K12: =CONCATENATE(IF(LEN(DAY(ხელფასები!C11))>1,DAY(ხელფასები!C11),CONCATENATE("0",DAY(ხელფასები!C11))),"/",MONTH(ხელფასები!C11),"/",YEAR(ხელფასები!C11)) -> 00/1/1900 | L12: =VLOOKUP(CONCATENATE(ხელფასები!D11,ხელფასები!E11),map!$A$1:$P$102,12,FALSE) -> 0 | M12: =IF(VLOOKUP(CONCATENATE(ხელფასები!D11,ხელფასები!E11),map!$A$1:$P$102,10,FALSE)="0",ხელფასები!F11/0.8*0.2,(ხელფასები!F11/0.8/0.98-ხელფასები!F11/0.8/0.98*0.02)*0.2) -> 0 | N12: =VLOOKUP(CONCATENATE(ხელფასები!D11,ხელფასები!E11),map!$A$1:$P$102,14,FALSE) -> 0 | O12: =VLOOKUP(CONCATENATE(ხელფასები!D11,ხელფასები!E11),map!$A$1:$P$102,15,FALSE) -> 0 | P12: =VLOOKUP(CONCATENATE(ხელფასები!D11,ხელფასები!E11),map!$A$1:$P$102,16,FALSE) -> 0
A13: =VLOOKUP(CONCATENATE(ხელფასები!D12,ხელფასები!E12),map!$A$1:$P$100,2,FALSE) -> 0 | B13: =VLOOKUP(CONCATENATE(ხელფასები!D12,ხელფასები!E12),map!$A$1:$P$120,3,FALSE) -> 0 | C13: =VLOOKUP(CONCATENATE(ხელფასები!D12,ხელფასები!E12),map!$A$1:$P$120,4,FALSE) -> 0 | D13: =VLOOKUP(CONCATENATE(ხელფასები!D12,ხელფასები!E12),map!$A$1:$P$102,5,FALSE) -> 0 | E13: =VLOOKUP(CONCATENATE(ხელფასები!D12,ხელფასები!E12),map!$A$1:$P$102,6,FALSE) -> 0 | F13: =VLOOKUP(CONCATENATE(ხელფასები!D12,ხელფასები!E12),map!$A$1:$P$102,7,FALSE) -> 0 | G13: =VLOOKUP(CONCATENATE(ხელფასები!D12,ხელფასები!E12),map!$A$1:$P$102,8,FALSE) -> 0 | H13: =IF(VLOOKUP(CONCATENATE(ხელფასები!D12,ხელფასები!E12),map!$A$1:$P$102,10,FALSE)="0",ხელფასები!F12/0.8,ხელფასები!F12/0.8/0.98) -> 0 | I13: =IF(VLOOKUP(CONCATENATE(ხელფასები!D12,ხელფასები!E12),map!$A$1:$P$102,10,FALSE)="0","0",ხელფასები!F12/0.8/0.98*0.02) -> 0 | J13: 0 | K13: =CONCATENATE(IF(LEN(DAY(ხელფასები!C12))>1,DAY(ხელფასები!C12),CONCATENATE("0",DAY(ხელფასები!C12))),"/",MONTH(ხელფასები!C12),"/",YEAR(ხელფასები!C12)) -> 00/1/1900 | L13: =VLOOKUP(CONCATENATE(ხელფასები!D12,ხელფასები!E12),map!$A$1:$P$102,12,FALSE) -> 0 | M13: =IF(VLOOKUP(CONCATENATE(ხელფასები!D12,ხელფასები!E12),map!$A$1:$P$102,10,FALSE)="0",ხელფასები!F12/0.8*0.2,(ხელფასები!F12/0.8/0.98-ხელფასები!F12/0.8/0.98*0.02)*0.2) -> 0 | N13: =VLOOKUP(CONCATENATE(ხელფასები!D12,ხელფასები!E12),map!$A$1:$P$102,14,FALSE) -> 0 | O13: =VLOOKUP(CONCATENATE(ხელფასები!D12,ხელფასები!E12),map!$A$1:$P$102,15,FALSE) -> 0 | P13: =VLOOKUP(CONCATENATE(ხელფასები!D12,ხელფასები!E12),map!$A$1:$P$102,16,FALSE) -> 0
A14: =VLOOKUP(CONCATENATE(ხელფასები!D13,ხელფასები!E13),map!$A$1:$P$100,2,FALSE) -> 0 | B14: =VLOOKUP(CONCATENATE(ხელფასები!D13,ხელფასები!E13),map!$A$1:$P$120,3,FALSE) -> 0 | C14: =VLOOKUP(CONCATENATE(ხელფასები!D13,ხელფასები!E13),map!$A$1:$P$120,4,FALSE) -> 0 | D14: =VLOOKUP(CONCATENATE(ხელფასები!D13,ხელფასები!E13),map!$A$1:$P$102,5,FALSE) -> 0 | E14: =VLOOKUP(CONCATENATE(ხელფასები!D13,ხელფასები!E13),map!$A$1:$P$102,6,FALSE) -> 0 | F14: =VLOOKUP(CONCATENATE(ხელფასები!D13,ხელფასები!E13),map!$A$1:$P$102,7,FALSE) -> 0 | G14: =VLOOKUP(CONCATENATE(ხელფასები!D13,ხელფასები!E13),map!$A$1:$P$102,8,FALSE) -> 0 | H14: =IF(VLOOKUP(CONCATENATE(ხელფასები!D13,ხელფასები!E13),map!$A$1:$P$102,10,FALSE)="0",ხელფასები!F13/0.8,ხელფასები!F13/0.8/0.98) -> 0 | I14: =IF(VLOOKUP(CONCATENATE(ხელფასები!D13,ხელფასები!E13),map!$A$1:$P$102,10,FALSE)="0","0",ხელფასები!F13/0.8/0.98*0.02) -> 0 | J14: 0 | K14: =CONCATENATE(IF(LEN(DAY(ხელფასები!C13))>1,DAY(ხელფასები!C13),CONCATENATE("0",DAY(ხელფასები!C13))),"/",MONTH(ხელფასები!C13),"/",YEAR(ხელფასები!C13)) -> 00/1/1900 | L14: =VLOOKUP(CONCATENATE(ხელფასები!D13,ხელფასები!E13),map!$A$1:$P$102,12,FALSE) -> 0 | M14: =IF(VLOOKUP(CONCATENATE(ხელფასები!D13,ხელფასები!E13),map!$A$1:$P$102,10,FALSE)="0",ხელფასები!F13/0.8*0.2,(ხელფასები!F13/0.8/0.98-ხელფასები!F13/0.8/0.98*0.02)*0.2) -> 0 | N14: =VLOOKUP(CONCATENATE(ხელფასები!D13,ხელფასები!E13),map!$A$1:$P$102,14,FALSE) -> 0 | O14: =VLOOKUP(CONCATENATE(ხელფასები!D13,ხელფასები!E13),map!$A$1:$P$102,15,FALSE) -> 0 | P14: =VLOOKUP(CONCATENATE(ხელფასები!D13,ხელფასები!E13),map!$A$1:$P$102,16,FALSE) -> 0
A15: =VLOOKUP(CONCATENATE(ხელფასები!D14,ხელფასები!E14),map!$A$1:$P$100,2,FALSE) -> 0 | B15: =VLOOKUP(CONCATENATE(ხელფასები!D14,ხელფასები!E14),map!$A$1:$P$120,3,FALSE) -> 0 | C15: =VLOOKUP(CONCATENATE(ხელფასები!D14,ხელფასები!E14),map!$A$1:$P$120,4,FALSE) -> 0 | D15: =VLOOKUP(CONCATENATE(ხელფასები!D14,ხელფასები!E14),map!$A$1:$P$102,5,FALSE) -> 0 | E15: =VLOOKUP(CONCATENATE(ხელფასები!D14,ხელფასები!E14),map!$A$1:$P$102,6,FALSE) -> 0 | F15: =VLOOKUP(CONCATENATE(ხელფასები!D14,ხელფასები!E14),map!$A$1:$P$102,7,FALSE) -> 0 | G15: =VLOOKUP(CONCATENATE(ხელფასები!D14,ხელფასები!E14),map!$A$1:$P$102,8,FALSE) -> 0 | H15: =IF(VLOOKUP(CONCATENATE(ხელფასები!D14,ხელფასები!E14),map!$A$1:$P$102,10,FALSE)="0",ხელფასები!F14/0.8,ხელფასები!F14/0.8/0.98) -> 0 | I15: =IF(VLOOKUP(CONCATENATE(ხელფასები!D14,ხელფასები!E14),map!$A$1:$P$102,10,FALSE)="0","0",ხელფასები!F14/0.8/0.98*0.02) -> 0 | J15: 0 | K15: =CONCATENATE(IF(LEN(DAY(ხელფასები!C14))>1,DAY(ხელფასები!C14),CONCATENATE("0",DAY(ხელფასები!C14))),"/",MONTH(ხელფასები!C14),"/",YEAR(ხელფასები!C14)) -> 00/1/1900 | L15: =VLOOKUP(CONCATENATE(ხელფასები!D14,ხელფასები!E14),map!$A$1:$P$102,12,FALSE) -> 0 | M15: =IF(VLOOKUP(CONCATENATE(ხელფასები!D14,ხელფასები!E14),map!$A$1:$P$102,10,FALSE)="0",ხელფასები!F14/0.8*0.2,(ხელფასები!F14/0.8/0.98-ხელფასები!F14/0.8/0.98*0.02)*0.2) -> 0 | N15: =VLOOKUP(CONCATENATE(ხელფასები!D14,ხელფასები!E14),map!$A$1:$P$102,14,FALSE) -> 0 | O15: =VLOOKUP(CONCATENATE(ხელფასები!D14,ხელფასები!E14),map!$A$1:$P$102,15,FALSE) -> 0 | P15: =VLOOKUP(CONCATENATE(ხელფასები!D14,ხელფასები!E14),map!$A$1:$P$102,16,FALSE) -> 0
A16: =VLOOKUP(CONCATENATE(ხელფასები!D15,ხელფასები!E15),map!$A$1:$P$100,2,FALSE) -> 0 | B16: =VLOOKUP(CONCATENATE(ხელფასები!D15,ხელფასები!E15),map!$A$1:$P$120,3,FALSE) -> 0 | C16: =VLOOKUP(CONCATENATE(ხელფასები!D15,ხელფასები!E15),map!$A$1:$P$120,4,FALSE) -> 0 | D16: =VLOOKUP(CONCATENATE(ხელფასები!D15,ხელფასები!E15),map!$A$1:$P$102,5,FALSE) -> 0 | E16: =VLOOKUP(CONCATENATE(ხელფასები!D15,ხელფასები!E15),map!$A$1:$P$102,6,FALSE) -> 0 | F16: =VLOOKUP(CONCATENATE(ხელფასები!D15,ხელფასები!E15),map!$A$1:$P$102,7,FALSE) -> 0 | G16: =VLOOKUP(CONCATENATE(ხელფასები!D15,ხელფასები!E15),map!$A$1:$P$102,8,FALSE) -> 0 | H16: =IF(VLOOKUP(CONCATENATE(ხელფასები!D15,ხელფასები!E15),map!$A$1:$P$102,10,FALSE)="0",ხელფასები!F15/0.8,ხელფასები!F15/0.8/0.98) -> 0 | I16: =IF(VLOOKUP(CONCATENATE(ხელფასები!D15,ხელფასები!E15),map!$A$1:$P$102,10,FALSE)="0","0",ხელფასები!F15/0.8/0.98*0.02) -> 0 | J16: 0 | K16: =CONCATENATE(IF(LEN(DAY(ხელფასები!C15))>1,DAY(ხელფასები!C15),CONCATENATE("0",DAY(ხელფასები!C15))),"/",MONTH(ხელფასები!C15),"/",YEAR(ხელფასები!C15)) -> 00/1/1900 | L16: =VLOOKUP(CONCATENATE(ხელფასები!D15,ხელფასები!E15),map!$A$1:$P$102,12,FALSE) -> 0 | M16: =IF(VLOOKUP(CONCATENATE(ხელფასები!D15,ხელფასები!E15),map!$A$1:$P$102,10,FALSE)="0",ხელფასები!F15/0.8*0.2,(ხელფასები!F15/0.8/0.98-ხელფასები!F15/0.8/0.98*0.02)*0.2) -> 0 | N16: =VLOOKUP(CONCATENATE(ხელფასები!D15,ხელფასები!E15),map!$A$1:$P$102,14,FALSE) -> 0 | O16: =VLOOKUP(CONCATENATE(ხელფასები!D15,ხელფასები!E15),map!$A$1:$P$102,15,FALSE) -> 0 | P16: =VLOOKUP(CONCATENATE(ხელფასები!D15,ხელფასები!E15),map!$A$1:$P$102,16,FALSE) -> 0
A17: =VLOOKUP(CONCATENATE(ხელფასები!D16,ხელფასები!E16),map!$A$1:$P$100,2,FALSE) -> 0 | B17: =VLOOKUP(CONCATENATE(ხელფასები!D16,ხელფასები!E16),map!$A$1:$P$120,3,FALSE) -> 0 | C17: =VLOOKUP(CONCATENATE(ხელფასები!D16,ხელფასები!E16),map!$A$1:$P$120,4,FALSE) -> 0 | D17: =VLOOKUP(CONCATENATE(ხელფასები!D16,ხელფასები!E16),map!$A$1:$P$102,5,FALSE) -> 0 | E17: =VLOOKUP(CONCATENATE(ხელფასები!D16,ხელფასები!E16),map!$A$1:$P$102,6,FALSE) -> 0 | F17: =VLOOKUP(CONCATENATE(ხელფასები!D16,ხელფასები!E16),map!$A$1:$P$102,7,FALSE) -> 0 | G17: =VLOOKUP(CONCATENATE(ხელფასები!D16,ხელფასები!E16),map!$A$1:$P$102,8,FALSE) -> 0 | H17: =IF(VLOOKUP(CONCATENATE(ხელფასები!D16,ხელფასები!E16),map!$A$1:$P$102,10,FALSE)="0",ხელფასები!F16/0.8,ხელფასები!F16/0.8/0.98) -> 0 | I17: =IF(VLOOKUP(CONCATENATE(ხელფასები!D16,ხელფასები!E16),map!$A$1:$P$102,10,FALSE)="0","0",ხელფასები!F16/0.8/0.98*0.02) -> 0 | J17: 0 | K17: =CONCATENATE(IF(LEN(DAY(ხელფასები!C16))>1,DAY(ხელფასები!C16),CONCATENATE("0",DAY(ხელფასები!C16))),"/",MONTH(ხელფასები!C16),"/",YEAR(ხელფასები!C16)) -> 00/1/1900 | L17: =VLOOKUP(CONCATENATE(ხელფასები!D16,ხელფასები!E16),map!$A$1:$P$102,12,FALSE) -> 0 | M17: =IF(VLOOKUP(CONCATENATE(ხელფასები!D16,ხელფასები!E16),map!$A$1:$P$102,10,FALSE)="0",ხელფასები!F16/0.8*0.2,(ხელფასები!F16/0.8/0.98-ხელფასები!F16/0.8/0.98*0.02)*0.2) -> 0 | N17: =VLOOKUP(CONCATENATE(ხელფასები!D16,ხელფასები!E16),map!$A$1:$P$102,14,FALSE) -> 0 | O17: =VLOOKUP(CONCATENATE(ხელფასები!D16,ხელფასები!E16),map!$A$1:$P$102,15,FALSE) -> 0 | P17: =VLOOKUP(CONCATENATE(ხელფასები!D16,ხელფასები!E16),map!$A$1:$P$102,16,FALSE) -> 0
A18: =VLOOKUP(CONCATENATE(ხელფასები!D17,ხელფასები!E17),map!$A$1:$P$100,2,FALSE) -> 0 | B18: =VLOOKUP(CONCATENATE(ხელფასები!D17,ხელფასები!E17),map!$A$1:$P$120,3,FALSE) -> 0 | C18: =VLOOKUP(CONCATENATE(ხელფასები!D17,ხელფასები!E17),map!$A$1:$P$120,4,FALSE) -> 0 | D18: =VLOOKUP(CONCATENATE(ხელფასები!D17,ხელფასები!E17),map!$A$1:$P$102,5,FALSE) -> 0 | E18: =VLOOKUP(CONCATENATE(ხელფასები!D17,ხელფასები!E17),map!$A$1:$P$102,6,FALSE) -> 0 | F18: =VLOOKUP(CONCATENATE(ხელფასები!D17,ხელფასები!E17),map!$A$1:$P$102,7,FALSE) -> 0 | G18: =VLOOKUP(CONCATENATE(ხელფასები!D17,ხელფასები!E17),map!$A$1:$P$102,8,FALSE) -> 0 | H18: =IF(VLOOKUP(CONCATENATE(ხელფასები!D17,ხელფასები!E17),map!$A$1:$P$102,10,FALSE)="0",ხელფასები!F17/0.8,ხელფასები!F17/0.8/0.98) -> 0 | I18: =IF(VLOOKUP(CONCATENATE(ხელფასები!D17,ხელფასები!E17),map!$A$1:$P$102,10,FALSE)="0","0",ხელფასები!F17/0.8/0.98*0.02) -> 0 | J18: 0 | K18: =CONCATENATE(IF(LEN(DAY(ხელფასები!C17))>1,DAY(ხელფასები!C17),CONCATENATE("0",DAY(ხელფასები!C17))),"/",MONTH(ხელფასები!C17),"/",YEAR(ხელფასები!C17)) -> 00/1/1900 | L18: =VLOOKUP(CONCATENATE(ხელფასები!D17,ხელფასები!E17),map!$A$1:$P$102,12,FALSE) -> 0 | M18: =IF(VLOOKUP(CONCATENATE(ხელფასები!D17,ხელფასები!E17),map!$A$1:$P$102,10,FALSE)="0",ხელფასები!F17/0.8*0.2,(ხელფასები!F17/0.8/0.98-ხელფასები!F17/0.8/0.98*0.02)*0.2) -> 0 | N18: =VLOOKUP(CONCATENATE(ხელფასები!D17,ხელფასები!E17),map!$A$1:$P$102,14,FALSE) -> 0 | O18: =VLOOKUP(CONCATENATE(ხელფასები!D17,ხელფასები!E17),map!$A$1:$P$102,15,FALSE) -> 0 | P18: =VLOOKUP(CONCATENATE(ხელფასები!D17,ხელფასები!E17),map!$A$1:$P$102,16,FALSE) -> 0
A19: =VLOOKUP(CONCATENATE(ხელფასები!D18,ხელფასები!E18),map!$A$1:$P$100,2,FALSE) -> 0 | B19: =VLOOKUP(CONCATENATE(ხელფასები!D18,ხელფასები!E18),map!$A$1:$P$120,3,FALSE) -> 0 | C19: =VLOOKUP(CONCATENATE(ხელფასები!D18,ხელფასები!E18),map!$A$1:$P$120,4,FALSE) -> 0 | D19: =VLOOKUP(CONCATENATE(ხელფასები!D18,ხელფასები!E18),map!$A$1:$P$102,5,FALSE) -> 0 | E19: =VLOOKUP(CONCATENATE(ხელფასები!D18,ხელფასები!E18),map!$A$1:$P$102,6,FALSE) -> 0 | F19: =VLOOKUP(CONCATENATE(ხელფასები!D18,ხელფასები!E18),map!$A$1:$P$102,7,FALSE) -> 0 | G19: =VLOOKUP(CONCATENATE(ხელფასები!D18,ხელფასები!E18),map!$A$1:$P$102,8,FALSE) -> 0 | H19: =IF(VLOOKUP(CONCATENATE(ხელფასები!D18,ხელფასები!E18),map!$A$1:$P$102,10,FALSE)="0",ხელფასები!F18/0.8,ხელფასები!F18/0.8/0.98) -> 0 | I19: =IF(VLOOKUP(CONCATENATE(ხელფასები!D18,ხელფასები!E18),map!$A$1:$P$102,10,FALSE)="0","0",ხელფასები!F18/0.8/0.98*0.02) -> 0 | J19: 0 | K19: =CONCATENATE(IF(LEN(DAY(ხელფასები!C18))>1,DAY(ხელფასები!C18),CONCATENATE("0",DAY(ხელფასები!C18))),"/",MONTH(ხელფასები!C18),"/",YEAR(ხელფასები!C18)) -> 00/1/1900 | L19: =VLOOKUP(CONCATENATE(ხელფასები!D18,ხელფასები!E18),map!$A$1:$P$102,12,FALSE) -> 0 | M19: =IF(VLOOKUP(CONCATENATE(ხელფასები!D18,ხელფასები!E18),map!$A$1:$P$102,10,FALSE)="0",ხელფასები!F18/0.8*0.2,(ხელფასები!F18/0.8/0.98-ხელფასები!F18/0.8/0.98*0.02)*0.2) -> 0 | N19: =VLOOKUP(CONCATENATE(ხელფასები!D18,ხელფასები!E18),map!$A$1:$P$102,14,FALSE) -> 0 | O19: =VLOOKUP(CONCATENATE(ხელფასები!D18,ხელფასები!E18),map!$A$1:$P$102,15,FALSE) -> 0 | P19: =VLOOKUP(CONCATENATE(ხელფასები!D18,ხელფასები!E18),map!$A$1:$P$102,16,FALSE) -> 0
A20: =VLOOKUP(CONCATENATE(ხელფასები!D19,ხელფასები!E19),map!$A$1:$P$100,2,FALSE) -> 0 | B20: =VLOOKUP(CONCATENATE(ხელფასები!D19,ხელფასები!E19),map!$A$1:$P$120,3,FALSE) -> 0 | C20: =VLOOKUP(CONCATENATE(ხელფასები!D19,ხელფასები!E19),map!$A$1:$P$120,4,FALSE) -> 0 | D20: =VLOOKUP(CONCATENATE(ხელფასები!D19,ხელფასები!E19),map!$A$1:$P$102,5,FALSE) -> 0 | E20: =VLOOKUP(CONCATENATE(ხელფასები!D19,ხელფასები!E19),map!$A$1:$P$102,6,FALSE) -> 0 | F20: =VLOOKUP(CONCATENATE(ხელფასები!D19,ხელფასები!E19),map!$A$1:$P$102,7,FALSE) -> 0 | G20: =VLOOKUP(CONCATENATE(ხელფასები!D19,ხელფასები!E19),map!$A$1:$P$102,8,FALSE) -> 0 | H20: =IF(VLOOKUP(CONCATENATE(ხელფასები!D19,ხელფასები!E19),map!$A$1:$P$102,10,FALSE)="0",ხელფასები!F19/0.8,ხელფასები!F19/0.8/0.98) -> 0 | I20: =IF(VLOOKUP(CONCATENATE(ხელფასები!D19,ხელფასები!E19),map!$A$1:$P$102,10,FALSE)="0","0",ხელფასები!F19/0.8/0.98*0.02) -> 0 | J20: 0 | K20: =CONCATENATE(IF(LEN(DAY(ხელფასები!C19))>1,DAY(ხელფასები!C19),CONCATENATE("0",DAY(ხელფასები!C19))),"/",MONTH(ხელფასები!C19),"/",YEAR(ხელფასები!C19)) -> 00/1/1900 | L20: =VLOOKUP(CONCATENATE(ხელფასები!D19,ხელფასები!E19),map!$A$1:$P$102,12,FALSE) -> 0 | M20: =IF(VLOOKUP(CONCATENATE(ხელფასები!D19,ხელფასები!E19),map!$A$1:$P$102,10,FALSE)="0",ხელფასები!F19/0.8*0.2,(ხელფასები!F19/0.8/0.98-ხელფასები!F19/0.8/0.98*0.02)*0.2) -> 0 | N20: =VLOOKUP(CONCATENATE(ხელფასები!D19,ხელფასები!E19),map!$A$1:$P$102,14,FALSE) -> 0 | O20: =VLOOKUP(CONCATENATE(ხელფასები!D19,ხელფასები!E19),map!$A$1:$P$102,15,FALSE) -> 0 | P20: =VLOOKUP(CONCATENATE(ხელფასები!D19,ხელფასები!E19),map!$A$1:$P$102,16,FALSE) -> 0
A21: =VLOOKUP(CONCATENATE(ხელფასები!D20,ხელფასები!E20),map!$A$1:$P$100,2,FALSE) -> 0 | B21: =VLOOKUP(CONCATENATE(ხელფასები!D20,ხელფასები!E20),map!$A$1:$P$120,3,FALSE) -> 0 | C21: =VLOOKUP(CONCATENATE(ხელფასები!D20,ხელფასები!E20),map!$A$1:$P$120,4,FALSE) -> 0 | D21: =VLOOKUP(CONCATENATE(ხელფასები!D20,ხელფასები!E20),map!$A$1:$P$102,5,FALSE) -> 0 | E21: =VLOOKUP(CONCATENATE(ხელფასები!D20,ხელფასები!E20),map!$A$1:$P$102,6,FALSE) -> 0 | F21: =VLOOKUP(CONCATENATE(ხელფასები!D20,ხელფასები!E20),map!$A$1:$P$102,7,FALSE) -> 0 | G21: =VLOOKUP(CONCATENATE(ხელფასები!D20,ხელფასები!E20),map!$A$1:$P$102,8,FALSE) -> 0 | H21: =IF(VLOOKUP(CONCATENATE(ხელფასები!D20,ხელფასები!E20),map!$A$1:$P$102,10,FALSE)="0",ხელფასები!F20/0.8,ხელფასები!F20/0.8/0.98) -> 0 | I21: =IF(VLOOKUP(CONCATENATE(ხელფასები!D20,ხელფასები!E20),map!$A$1:$P$102,10,FALSE)="0","0",ხელფასები!F20/0.8/0.98*0.02) -> 0 | J21: 0 | K21: =CONCATENATE(IF(LEN(DAY(ხელფასები!C20))>1,DAY(ხელფასები!C20),CONCATENATE("0",DAY(ხელფასები!C20))),"/",MONTH(ხელფასები!C20),"/",YEAR(ხელფასები!C20)) -> 00/1/1900 | L21: =VLOOKUP(CONCATENATE(ხელფასები!D20,ხელფასები!E20),map!$A$1:$P$102,12,FALSE) -> 0 | M21: =IF(VLOOKUP(CONCATENATE(ხელფასები!D20,ხელფასები!E20),map!$A$1:$P$102,10,FALSE)="0",ხელფასები!F20/0.8*0.2,(ხელფასები!F20/0.8/0.98-ხელფასები!F20/0.8/0.98*0.02)*0.2) -> 0 | N21: =VLOOKUP(CONCATENATE(ხელფასები!D20,ხელფასები!E20),map!$A$1:$P$102,14,FALSE) -> 0 | O21: =VLOOKUP(CONCATENATE(ხელფასები!D20,ხელფასები!E20),map!$A$1:$P$102,15,FALSE) -> 0 | P21: =VLOOKUP(CONCATENATE(ხელფასები!D20,ხელფასები!E20),map!$A$1:$P$102,16,FALSE) -> 0
A22: =VLOOKUP(CONCATENATE(ხელფასები!D21,ხელფასები!E21),map!$A$1:$P$100,2,FALSE) -> 0 | B22: =VLOOKUP(CONCATENATE(ხელფასები!D21,ხელფასები!E21),map!$A$1:$P$120,3,FALSE) -> 0 | C22: =VLOOKUP(CONCATENATE(ხელფასები!D21,ხელფასები!E21),map!$A$1:$P$120,4,FALSE) -> 0 | D22: =VLOOKUP(CONCATENATE(ხელფასები!D21,ხელფასები!E21),map!$A$1:$P$102,5,FALSE) -> 0 | E22: =VLOOKUP(CONCATENATE(ხელფასები!D21,ხელფასები!E21),map!$A$1:$P$102,6,FALSE) -> 0 | F22: =VLOOKUP(CONCATENATE(ხელფასები!D21,ხელფასები!E21),map!$A$1:$P$102,7,FALSE) -> 0 | G22: =VLOOKUP(CONCATENATE(ხელფასები!D21,ხელფასები!E21),map!$A$1:$P$102,8,FALSE) -> 0 | H22: =IF(VLOOKUP(CONCATENATE(ხელფასები!D21,ხელფასები!E21),map!$A$1:$P$102,10,FALSE)="0",ხელფასები!F21/0.8,ხელფასები!F21/0.8/0.98) -> 0 | I22: =IF(VLOOKUP(CONCATENATE(ხელფასები!D21,ხელფასები!E21),map!$A$1:$P$102,10,FALSE)="0","0",ხელფასები!F21/0.8/0.98*0.02) -> 0 | J22: 0 | K22: =CONCATENATE(IF(LEN(DAY(ხელფასები!C21))>1,DAY(ხელფასები!C21),CONCATENATE("0",DAY(ხელფასები!C21))),"/",MONTH(ხელფასები!C21),"/",YEAR(ხელფასები!C21)) -> 00/1/1900 | L22: =VLOOKUP(CONCATENATE(ხელფასები!D21,ხელფასები!E21),map!$A$1:$P$102,12,FALSE) -> 0 | M22: =IF(VLOOKUP(CONCATENATE(ხელფასები!D21,ხელფასები!E21),map!$A$1:$P$102,10,FALSE)="0",ხელფასები!F21/0.8*0.2,(ხელფასები!F21/0.8/0.98-ხელფასები!F21/0.8/0.98*0.02)*0.2) -> 0 | N22: =VLOOKUP(CONCATENATE(ხელფასები!D21,ხელფასები!E21),map!$A$1:$P$102,14,FALSE) -> 0 | O22: =VLOOKUP(CONCATENATE(ხელფასები!D21,ხელფასები!E21),map!$A$1:$P$102,15,FALSE) -> 0 | P22: =VLOOKUP(CONCATENATE(ხელფასები!D21,ხელფასები!E21),map!$A$1:$P$102,16,FALSE) -> 0
... A69: =VLOOKUP(CONCATENATE(ხელფასები!D68,ხელფასები!E68),map!$A$1:$P$100,2,FALSE) -> 0 | B69: =VLOOKUP(CONCATENATE(ხელფასები!D68,ხელფასები!E68),map!$A$1:$P$120,3,FALSE) -> 0 | C69: =VLOOKUP(CONCATENATE(ხელფასები!D68,ხელფასები!E68),map!$A$1:$P$120,4,FALSE) -> 0 | D69: =VLOOKUP(CONCATENATE(ხელფასები!D68,ხელფასები!E68),map!$A$1:$P$102,5,FALSE) -> 0 | E69: =VLOOKUP(CONCATENATE(ხელფასები!D68,ხელფასები!E68),map!$A$1:$P$102,6,FALSE) -> 0 | F69: =VLOOKUP(CONCATENATE(ხელფასები!D68,ხელფასები!E68),map!$A$1:$P$102,7,FALSE) -> 0 | G69: =VLOOKUP(CONCATENATE(ხელფასები!D68,ხელფასები!E68),map!$A$1:$P$102,8,FALSE) -> 0 | H69: =IF(VLOOKUP(CONCATENATE(ხელფასები!D68,ხელფასები!E68),map!$A$1:$P$102,10,FALSE)="0",ხელფასები!F68/0.8,ხელფასები!F68/0.8/0.98) -> 0 | I69: =IF(VLOOKUP(CONCATENATE(ხელფასები!D68,ხელფასები!E68),map!$A$1:$P$102,10,FALSE)="0","0",ხელფასები!F68/0.8/0.98*0.02) -> 0 | J69: 0 | K69: =CONCATENATE(IF(LEN(DAY(ხელფასები!C68))>1,DAY(ხელფასები!C68),CONCATENATE("0",DAY(ხელფასები!C68))),"/",MONTH(ხელფასები!C68),"/",YEAR(ხელფასები!C68)) -> 00/1/1900 | L69: =VLOOKUP(CONCATENATE(ხელფასები!D68,ხელფასები!E68),map!$A$1:$P$102,12,FALSE) -> 0 | M69: =IF(VLOOKUP(CONCATENATE(ხელფასები!D68,ხელფასები!E68),map!$A$1:$P$102,10,FALSE)="0",ხელფასები!F68/0.8*0.2,(ხელფასები!F68/0.8/0.98-ხელფასები!F68/0.8/0.98*0.02)*0.2) -> 0 | N69: =VLOOKUP(CONCATENATE(ხელფასები!D68,ხელფასები!E68),map!$A$1:$P$102,14,FALSE) -> 0 | O69: =VLOOKUP(CONCATENATE(ხელფასები!D68,ხელფასები!E68),map!$A$1:$P$102,15,FALSE) -> 0 | P69: =VLOOKUP(CONCATENATE(ხელფასები!D68,ხელფასები!E68),map!$A$1:$P$102,16,FALSE) -> 0

Sheet უნიკალური პ.ნ.
A1: 01009017149
A2: 01008013563
A3: 01003003707
A4: 01017044991
A5: 01030053229

Sheet საპენსიო
A1: =VLOOKUP('უნიკალური პ.ნ.'!A1,map!$B$1:$P$107,2,FALSE) -> დიანა | B1: =VLOOKUP('უნიკალური პ.ნ.'!A1,map!$B$1:$P$105,3,FALSE) -> ლეჟავა | C1: ='უნიკალური პ.ნ.'!A1 -> 01009017149 | D1: =SUMIF('გადასატანი ცხრილი'!$A$1:$A$205,'უნიკალური პ.ნ.'!A1,'გადასატანი ცხრილი'!$H$1:$H$205) -> 0 | E1: =SUMIF('გადასატანი ცხრილი'!$A$1:$A$205,'უნიკალური პ.ნ.'!A1,'გადასატანი ცხრილი'!$I$1:$I$205)*2 -> 0
A2: =VLOOKUP('უნიკალური პ.ნ.'!A2,map!$B$1:$P$107,2,FALSE) -> ალექსანდრე | B2: =VLOOKUP('უნიკალური პ.ნ.'!A2,map!$B$1:$P$105,3,FALSE) -> კილასონია | C2: ='უნიკალური პ.ნ.'!A2 -> 01008013563 | D2: =SUMIF('გადასატანი ცხრილი'!$A$1:$A$205,'უნიკალური პ.ნ.'!A2,'გადასატანი ცხრილი'!$H$1:$H$205) -> 0 | E2: =SUMIF('გადასატანი ცხრილი'!$A$1:$A$205,'უნიკალური პ.ნ.'!A2,'გადასატანი ცხრილი'!$I$1:$I$205)*2 -> 0
A3: =VLOOKUP('უნიკალური პ.ნ.'!A3,map!$B$1:$P$107,2,FALSE) -> ნანა | B3: =VLOOKUP('უნიკალური პ.ნ.'!A3,map!$B$1:$P$105,3,FALSE) -> კურცხალია | C3: ='უნიკალური პ.ნ.'!A3 -> 01003003707 | D3: =SUMIF('გადასატანი ცხრილი'!$A$1:$A$205,'უნიკალური პ.ნ.'!A3,'გადასატანი ცხრილი'!$H$1:$H$205) -> 1530.6122 | E3: =SUMIF('გადასატანი ცხრილი'!$A$1:$A$205,'უნიკალური პ.ნ.'!A3,'გადასატანი ცხრილი'!$I$1:$I$205)*2 -> 61.22449
A4: =VLOOKUP('უნიკალური პ.ნ.'!A4,map!$B$1:$P$107,2,FALSE) -> თამარი | B4: =VLOOKUP('უნიკალური პ.ნ.'!A4,map!$B$1:$P$105,3,FALSE) -> ადამია | C4: ='უნიკალური პ.ნ.'!A4 -> 01017044991 | D4: =SUMIF('გადასატანი ცხრილი'!$A$1:$A$205,'უნიკალური პ.ნ.'!A4,'გადასატანი ცხრილი'!$H$1:$H$205) -> 0 | E4: =SUMIF('გადასატანი ცხრილი'!$A$1:$A$205,'უნიკალური პ.ნ.'!A4,'გადასატანი ცხრილი'!$I$1:$I$205)*2 -> 0
A5: =VLOOKUP('უნიკალური პ.ნ.'!A6,map!$B$1:$P$107,2,FALSE) -> #N/A | B5: =VLOOKUP('უნიკალური პ.ნ.'!A6,map!$B$1:$P$105,3,FALSE) -> #N/A | C5: ='უნიკალური პ.ნ.'!A6 -> 0 | D5: =SUMIF('გადასატანი ცხრილი'!$A$1:$A$205,'უნიკალური პ.ნ.'!A6,'გადასატანი ცხრილი'!$H$1:$H$205) -> 0 | E5: =SUMIF('გადასატანი ცხრილი'!$A$1:$A$205,'უნიკალური პ.ნ.'!A6,'გადასატანი ცხრილი'!$I$1:$I$205)*2 -> 0
A6: =VLOOKUP('უნიკალური პ.ნ.'!A7,map!$B$1:$P$107,2,FALSE) -> #N/A | B6: =VLOOKUP('უნიკალური პ.ნ.'!A7,map!$B$1:$P$105,3,FALSE) -> #N/A | C6: ='უნიკალური პ.ნ.'!A7 -> 0 | D6: =SUMIF('გადასატანი ცხრილი'!$A$1:$A$205,'უნიკალური პ.ნ.'!A7,'გადასატანი ცხრილი'!$H$1:$H$205) -> 0 | E6: =SUMIF('გადასატანი ცხრილი'!$A$1:$A$205,'უნიკალური პ.ნ.'!A7,'გადასატანი ცხრილი'!$I$1:$I$205)*2 -> 0
A7: =VLOOKUP('უნიკალური პ.ნ.'!A8,map!$B$1:$P$107,2,FALSE) -> #N/A | B7: =VLOOKUP('უნიკალური პ.ნ.'!A8,map!$B$1:$P$105,3,FALSE) -> #N/A | C7: ='უნიკალური პ.ნ.'!A8 -> 0 | D7: =SUMIF('გადასატანი ცხრილი'!$A$1:$A$205,'უნიკალური პ.ნ.'!A8,'გადასატანი ცხრილი'!$H$1:$H$205) -> 0 | E7: =SUMIF('გადასატანი ცხრილი'!$A$1:$A$205,'უნიკალური პ.ნ.'!A8,'გადასატანი ცხრილი'!$I$1:$I$205)*2 -> 0
A8: =VLOOKUP('უნიკალური პ.ნ.'!A9,map!$B$1:$P$107,2,FALSE) -> #N/A | B8: =VLOOKUP('უნიკალური პ.ნ.'!A9,map!$B$1:$P$105,3,FALSE) -> #N/A | C8: ='უნიკალური პ.ნ.'!A9 -> 0 | D8: =SUMIF('გადასატანი ცხრილი'!$A$1:$A$205,'უნიკალური პ.ნ.'!A9,'გადასატანი ცხრილი'!$H$1:$H$205) -> 0 | E8: =SUMIF('გადასატანი ცხრილი'!$A$1:$A$205,'უნიკალური პ.ნ.'!A9,'გადასატანი ცხრილი'!$I$1:$I$205)*2 -> 0
A9: =VLOOKUP('უნიკალური პ.ნ.'!A10,map!$B$1:$P$107,2,FALSE) -> #N/A | B9: =VLOOKUP('უნიკალური პ.ნ.'!A10,map!$B$1:$P$105,3,FALSE) -> #N/A | C9: ='უნიკალური პ.ნ.'!A10 -> 0 | D9: =SUMIF('გადასატანი ცხრილი'!$A$1:$A$205,'უნიკალური პ.ნ.'!A10,'გადასატანი ცხრილი'!$H$1:$H$205) -> 0 | E9: =SUMIF('გადასატანი ცხრილი'!$A$1:$A$205,'უნიკალური პ.ნ.'!A10,'გადასატანი ცხრილი'!$I$1:$I$205)*2 -> 0
A10: =VLOOKUP('უნიკალური პ.ნ.'!A11,map!$B$1:$P$107,2,FALSE) -> #N/A | B10: =VLOOKUP('უნიკალური პ.ნ.'!A11,map!$B$1:$P$105,3,FALSE) -> #N/A | C10: ='უნიკალური პ.ნ.'!A11 -> 0 | D10: =SUMIF('გადასატანი ცხრილი'!$A$1:$A$205,'უნიკალური პ.ნ.'!A11,'გადასატანი ცხრილი'!$H$1:$H$205) -> 0 | E10: =SUMIF('გადასატანი ცხრილი'!$A$1:$A$205,'უნიკალური პ.ნ.'!A11,'გადასატანი ცხრილი'!$I$1:$I$205)*2 -> 0
A11: =VLOOKUP('უნიკალური პ.ნ.'!A12,map!$B$1:$P$107,2,FALSE) -> #N/A | B11: =VLOOKUP('უნიკალური პ.ნ.'!A12,map!$B$1:$P$105,3,FALSE) -> #N/A | C11: ='უნიკალური პ.ნ.'!A12 -> 0 | D11: =SUMIF('გადასატანი ცხრილი'!$A$1:$A$205,'უნიკალური პ.ნ.'!A12,'გადასატანი ცხრილი'!$H$1:$H$205) -> 0 | E11: =SUMIF('გადასატანი ცხრილი'!$A$1:$A$205,'უნიკალური პ.ნ.'!A12,'გადასატანი ცხრილი'!$I$1:$I$205)*2 -> 0
A12: =VLOOKUP('უნიკალური პ.ნ.'!A13,map!$B$1:$P$15,2,FALSE) -> #N/A | B12: =VLOOKUP('უნიკალური პ.ნ.'!A13,map!$B$1:$P$15,3,FALSE) -> #N/A | C12: ='უნიკალური პ.ნ.'!A13 -> 0 | D12: =SUMIF('გადასატანი ცხრილი'!$A$1:$A$25,'უნიკალური პ.ნ.'!A13,'გადასატანი ცხრილი'!$H$1:$H$25) -> 0 | E12: =SUMIF('გადასატანი ცხრილი'!$A$1:$A$25,'უნიკალური პ.ნ.'!A13,'გადასატანი ცხრილი'!$I$1:$I$25)*2 -> 0
