Workbook

Sheet GE90TB7716236080100009-GEL
A1: Date | B1: Description | C1: Additional Information | D1: Paid Out | E1: Paid In | F1: Balance | G1: Type | H1: Document Date | I1: Document Number | J1: Partner's Account | K1: Partner's Name | L1: Partner's Tax Code | M1: Partner's Bank Code | N1: Partner's Bank | O1: Intermediary Bank Code | P1: Intermediary Bank | Q1: Charge Details | R1: Taxpayer Code | S1: Taxpayer Name | T1: Treasury Code | U1: Op. Code | V1: Additional Description | W1: Transaction ID
A2: 46113 | B2: ლაიფსთორი | C2: ბესარიონი ფაჩულია, 35001107730, TBCBGE22, GE31TB7024045064300028 | E2: 67 | F2: 10330.78 | G2: შემოსავალი | H2: 46113 | I2: 1774991775 | J2: GE31TB7024045064300028 | K2: ბესარიონი ფაჩულია, 35001107730 | L2: 35001107730 | M2: TBCBGE22 | N2: სს "თიბისი ბანკი" | R2: 35001107730 | S2: ბესარიონი ფაჩულია, 35001107730 | U2: GMB | W2: 19226691072
A3: 46113 | B3: ინვოისი 313349.113 | C3: შპს 'სოკარ ჯორჯია პეტროლეუმი', TBCBGE22, GE66TB0614336020100002 | D3: 259.2 | F3: 10071.58 | G3: გადარიცხვა თანხის გატანა | H3: 46113 | I3: 1775028368 | J3: GE66TB0614336020100002 | K3: შპს 'სოკარ ჯორჯია პეტროლეუმი' | L3: 202352514 | M3: TBCBGE22 | N3: სს "თიბისი ბანკი" | R3: 405357180 | S3: შპს დელივერერს, 405357180 | U3: GIB | W3: 19228960324
A4: 46113 | B4: მომსახურების ანაზღაურება | C4: ი/მ ოთარ კუპრეიშვილი, 42401042214, TBCBGE22, GE76TB7494745068100005 | E4: 235 | F4: 10306.58 | G4: შემოსავალი | H4: 46113 | I4: 1775063791 | J4: GE76TB7494745068100005 | K4: ი/მ ოთარ კუპრეიშვილი, 42401042214 | L4: 42401042214 | M4: TBCBGE22 | N4: სს "თიბისი ბანკი" | R4: 42401042214 | S4: ი/მ ოთარ კუპრეიშვილი, 42401042214 | U4: GMB | W4: 19238216238
A5: 46113 | B5: ძირითადი თანხის დაფარვა;შპს დელივერერს;7007162-14773527 | C5: ძირითადი თანხა - ბიზნეს სესხები, TBCBGE22, GE36TB0001201000001007 | D5: 752.01 | F5: 9554.57 | G5: სხვა ხარჯები | H5: 46113 | I5: 2271785 | J5: GE36TB0001201000001007 | K5: ძირითადი თანხა - ბიზნეს სესხები | M5: TBCBGE22 | N5: ს.ს. თიბისი ბანკი | U5: *LPPR | W5: 19239211470
A6: 46113 | B6: პროცენტის დაფარვა;შპს დელივერერს;7007162-14773527 | C6: დარიცხული პროცენტი - ბიზნეს სესხები, TBCBGE22, GE94TB0001201000102007 | D6: 389.54 | F6: 9165.03 | G6: სხვა ხარჯები | H6: 46113 | I6: 2271787 | J6: GE94TB0001201000102007 | K6: დარიცხული პროცენტი - ბიზნეს სესხები | M6: TBCBGE22 | N6: ს.ს. თიბისი ბანკი | U6: *LPIN | W6: 19239211474
A7: 46114 | B7: საკურიერო მომსახურება | C7: საქველმოქმედო ფონდი საკვების ბანკი, 404572440, TBCBGE22, GE36TB7791936080100009 | E7: 1668.52 | F7: 10833.55 | G7: შემოსავალი | H7: 46114 | I7: 1775113606 | J7: GE36TB7791936080100009 | K7: საქველმოქმედო ფონდი საკვების ბანკი, 404572440 | L7: 404572440 | M7: TBCBGE22 | N7: სს "თიბისი ბანკი" | R7: 404572440 | S7: საქველმოქმედო ფონდი საკვების ბანკი, 404572440 | U7: GIB | W7: 19240801189
A8: 46114 | B8: 9072 | C8: დავით სვირავა, 62003016407, TBCBGE22, GE89TB7657745063600036 | E8: 55 | F8: 10888.55 | G8: შემოსავალი | H8: 46114 | I8: 1775113900 | J8: GE89TB7657745063600036 | K8: დავით სვირავა, 62003016407 | L8: 62003016407 | M8: TBCBGE22 | N8: სს "თიბისი ბანკი" | R8: 62003016407 | S8: დავით სვირავა, 62003016407 | U8: GMB | W8: 19240847445
A9: 46114 | B9: 0841 | C9: ი/მ მიხეილ ლომჯარია, 01010000461, TBCBGE22, GE80TB7792445061600016 | E9: 100 | F9: 10988.55 | G9: შემოსავალი | H9: 46114 | I9: 1775115382 | J9: GE80TB7792445061600016 | K9: ი/მ მიხეილ ლომჯარია, 01010000461 | L9: 01010000461 | M9: TBCBGE22 | N9: სს "თიბისი ბანკი" | R9: 01010000461 | S9: ი/მ მიხეილ ლომჯარია, 01010000461 | U9: GMB | W9: 19241101353
A10: 46114 | B10: საკურიერო მომსახურება 01,03,2026-31,03,2026 ინვოისი 40 02,04,2026 | C10: შპს ეკობრენდს ჯორჯია, MIBGGE22, GE81PC0133600100036116 | E10: 2526.38 | F10: 13514.93 | G10: შემოსავალი | H10: 46114 | I10: 2 | J10: GE81PC0133600100036116 | K10: შპს ეკობრენდს ჯორჯია | L10: 202050564 | M10: MIBGGE22 | N10: სს "პროკრედიტ ბანკი, საქართველო" | R10: 202050564 | S10: შპს ეკობრენდს ჯორჯია | U10: BULK | W10: 19245309805
A11: 46114 | B11: ქეშების თანხა 21 მარტი - 31 მარტი | C11: შპს ლაიფ სთორი, TBCBGE22, GE38TB7826036080100014 | D11: 2510 | F11: 11004.93 | G11: გადარიცხვა თანხის გატანა | H11: 46114 | I11: 1775127914 | J11: GE38TB7826036080100014 | K11: შპს ლაიფ სთორი | L11: 438125574 | M11: TBCBGE22 | N11: სს "თიბისი ბანკი" | R11: 405357180 | S11: შპს დელივერერს, 405357180 | U11: GIB | W11: 19245323645
A12: 46114 | B12: ეა-85 4293405 | C12: შპს ალფაინ სფაისიზ, BAGAGE22, GE77BG0000000212886100 | E12: 460.2 | F12: 11465.13 | G12: შემოსავალი | H12: 46114 | I12: 2385 | J12: GE77BG0000000212886100 | K12: შპს ალფაინ სფაისიზ | L12: 405204639 | M12: BAGAGE22 | N12: სს "საქართველოს ბანკი" | R12: 405204639 | S12: შპს ალფაინ სფაისიზ | U12: BULK | V12: Ref 2385 | W12: 19247006331
A13: 46114 | B13: მომსახურების ანაზღაურება | C13: შპს სი ენ სი, BAGAGE22, GE64BG0000000541143452 | E13: 103.25 | F13: 11568.38 | G13: შემოსავალი | H13: 46114 | I13: 125 | J13: GE64BG0000000541143452 | K13: შპს სი ენ სი | L13: 405096435 | M13: BAGAGE22 | N13: სს "საქართველოს ბანკი" | R13: 405096435 | S13: შპს სი ენ სი | U13: BULK | V13: Ref 0125 | W13: 19247037259
A14: 46114 | B14: საკურიერო მომსახურება ინვ 37 | C14: შპს ფილუეტ ჯორჯია, 404388783, TBCBGE22, GE58TB7135636020100001 | E14: 1359.95 | F14: 12928.33 | G14: შემოსავალი | H14: 46114 | I14: 1775128455 | J14: GE58TB7135636020100001 | K14: შპს ფილუეტ ჯორჯია, 404388783 | L14: 404388783 | M14: TBCBGE22 | N14: სს "თიბისი ბანკი" | R14: 404388783 | S14: შპს ფილუეტ ჯორჯია, 404388783 | U14: GIB | W14: 19247153753
A15: 46114 | B15: დელივერი | C15: შპს ორგანიკა, 405172316, TBCBGE22, GE26TB7345536080100005 | E15: 1677.96 | F15: 14606.29 | G15: შემოსავალი | H15: 46114 | I15: 1775141656 | J15: GE26TB7345536080100005 | K15: შპს ორგანიკა, 405172316 | L15: 405172316 | M15: TBCBGE22 | N15: სს "თიბისი ბანკი" | R15: 405172316 | S15: შპს ორგანიკა, 405172316 | U15: GMB | W15: 19249519887
A16: 46114 | B16: 0197 | C16: დავით სვირავა, 62003016407, TBCBGE22, GE89TB7657745063600036 | E16: 100 | F16: 14706.29 | G16: შემოსავალი | H16: 46114 | I16: 1775156085 | J16: GE89TB7657745063600036 | K16: დავით სვირავა, 62003016407 | L16: 62003016407 | M16: TBCBGE22 | N16: სს "თიბისი ბანკი" | R16: 62003016407 | S16: დავით სვირავა, 62003016407 | U16: GMB | W16: 19251465361
A17: 46114 | B17: 9813 | C17: დავით სვირავა, 62003016407, TBCBGE22, GE89TB7657745063600036 | E17: 64 | F17: 14770.29 | G17: შემოსავალი | H17: 46114 | I17: 1775156439 | J17: GE89TB7657745063600036 | K17: დავით სვირავა, 62003016407 | L17: 62003016407 | M17: TBCBGE22 | N17: სს "თიბისი ბანკი" | R17: 62003016407 | S17: დავით სვირავა, 62003016407 | U17: GMB | W17: 19251485999
A18: 46115 | B18: მარტის თვის საკურიერო მომსახურება | C18: შპს რითეილ ბიზნეს გრუპ, BAGAGE22, GE34BG0000000039117000 | E18: 230.1 | F18: 15000.39 | G18: შემოსავალი | H18: 46114 | I18: 30001 | J18: GE34BG0000000039117000 | K18: შპს რითეილ ბიზნეს გრუპ | L18: 205268529 | M18: BAGAGE22 | N18: სს "საქართველოს ბანკი" | R18: 205268529 | S18: შპს რითეილ ბიზნეს გრუპ | U18: BULK | V18: Ref 30001 | W18: 19252669005
A19: 46115 | B19: მარტის თვის საკურიერო მომსახურება | C19: შპს ვიგრუპ, BAGAGE22, GE05BG0000000161605727 | E19: 268.45 | F19: 15268.84 | G19: შემოსავალი | H19: 46114 | I19: 28362 | J19: GE05BG0000000161605727 | K19: შპს ვიგრუპ | L19: 405278284 | M19: BAGAGE22 | N19: სს "საქართველოს ბანკი" | R19: 405278284 | S19: შპს ვიგრუპ | U19: BULK | V19: Ref 28362 | W19: 19252678725
A20: 46115 | B20: მომსახურების ანაზღაურება | C20: შპს სიო ეკოთრეიდი, BAGAGE22, GE97BG0000000609061094 | E20: 241.31 | F20: 15510.15 | G20: შემოსავალი | H20: 46115 | I20: 221 | J20: GE97BG0000000609061094 | K20: შპს სიო ეკოთრეიდი | L20: 402340196 | M20: BAGAGE22 | N20: სს "საქართველოს ბანკი" | R20: 402340196 | S20: შპს სიო ეკოთრეიდი | U20: BULK | V20: Ref 0221 | W20: 19252690671
A21: 46115 | B21: INVOICE 1 DATE: 02.04.2026 | C21: შპს პრაიმ რითეილ გრუპ, 405118894, TBCBGE22, GE71TB7868136020100002 | E21: 24.78 | F21: 15534.93 | G21: შემოსავალი | H21: 46115 | I21: 1775207364 | J21: GE71TB7868136020100002 | K21: შპს პრაიმ რითეილ გრუპ, 405118894 | L21: 405118894 | M21: TBCBGE22 | N21: სს "თიბისი ბანკი" | R21: 405118894 | S21: შპს პრაიმ რითეილ გრუპ, 405118894 | U21: GIB | W21: 19255437695
A22: 46115 | B22: ინვოისი 313349.114 | C22: შპს 'სოკარ ჯორჯია პეტროლეუმი', TBCBGE22, GE66TB0614336020100002 | D22: 267.2 | F22: 15267.73 | G22: გადარიცხვა თანხის გატანა | H22: 46115 | I22: 1775207512 | J22: GE66TB0614336020100002 | K22: შპს 'სოკარ ჯორჯია პეტროლეუმი' | L22: 202352514 | M22: TBCBGE22 | N22: სს "თიბისი ბანკი" | R22: 405357180 | S22: შპს დელივერერს, 405357180 | U22: GIB | W22: 19256059575
A23: 46115 | B23: INVOICE 32 | C23: შპს კაფსულები, 405340082, TBCBGE22, GE09TB7830236020100006 | E23: 164.61 | F23: 15432.34 | G23: შემოსავალი | H23: 46115 | I23: 8870019 | J23: GE09TB7830236020100006 | K23: შპს კაფსულები, 405340082 | L23: 405340082 | M23: TBCBGE22 | N23: სს "თიბისი ბანკი" | R23: 405340082 | S23: შპს კაფსულები, 405340082 | U23: GIB | W23: 19258892499
A24: 46115 | B24: INVOICE 42 | C24: შპს ტუტტო, 429328104, TBCBGE22, GE73TB7361436080100013 | E24: 394.12 | F24: 15826.46 | G24: შემოსავალი | H24: 46115 | I24: 1775215590 | J24: GE73TB7361436080100013 | K24: შპს ტუტტო, 429328104 | L24: 429328104 | M24: TBCBGE22 | N24: სს "თიბისი ბანკი" | R24: 429328104 | S24: შპს ტუტტო, 429328104 | U24: GIB | W24: 19258910855
A25: 46115 | B25: DELIVERERS N 17 | C25: შპს ალპი, 405292776, TBCBGE22, GE42TB7696236020100001 | E25: 521.56 | F25: 16348.02 | G25: შემოსავალი | H25: 46115 | I25: 1775215829 | J25: GE42TB7696236020100001 | K25: შპს ალპი, 405292776 | L25: 405292776 | M25: TBCBGE22 | N25: სს "თიბისი ბანკი" | R25: 405292776 | S25: შპს ალპი, 405292776 | U25: GIB | W25: 19259015015
A26: 46115 | B26: 0544 | C26: ი/მ გიორგი მეტრეველი, 01401103956, TBCBGE22, GE88TB7774945064300063 | E26: 40 | F26: 16388.02 | G26: შემოსავალი | H26: 46115 | I26: 1775227064 | J26: GE88TB7774945064300063 | K26: ი/მ გიორგი მეტრეველი, 01401103956 | L26: 01401103956 | M26: TBCBGE22 | N26: სს "თიბისი ბანკი" | R26: 01401103956 | S26: ი/მ გიორგი მეტრეველი, 01401103956 | U26: GMB | W26: 19262188405
A27: 46115 | B27: 0513 | C27: დავით სვირავა, 62003016407, TBCBGE22, GE89TB7657745063600036 | E27: 149 | F27: 16537.02 | G27: შემოსავალი | H27: 46115 | I27: 1775241585 | J27: GE89TB7657745063600036 | K27: დავით სვირავა, 62003016407 | L27: 62003016407 | M27: TBCBGE22 | N27: სს "თიბისი ბანკი" | R27: 62003016407 | S27: დავით სვირავა, 62003016407 | U27: GMB | W27: 19263839607
A28: 46115 | B28: 0515 | C28: ი/მ მიხეილ ლომჯარია, 01010000461, TBCBGE22, GE80TB7792445061600016 | E28: 64 | F28: 16601.02 | G28: შემოსავალი | H28: 46115 | I28: 1775245795 | J28: GE80TB7792445061600016 | K28: ი/მ მიხეილ ლომჯარია, 01010000461 | L28: 01010000461 | M28: TBCBGE22 | N28: სს "თიბისი ბანკი" | R28: 01010000461 | S28: ი/მ მიხეილ ლომჯარია, 01010000461 | U28: GMB | W28: 19264068184
A29: 46116 | B29: 0549 | C29: დავით სვირავა, 62003016407, TBCBGE22, GE89TB7657745063600036 | E29: 85 | F29: 16686.02 | G29: შემოსავალი | H29: 46116 | I29: 1775284062 | J29: GE89TB7657745063600036 | K29: დავით სვირავა, 62003016407 | L29: 62003016407 | M29: TBCBGE22 | N29: სს "თიბისი ბანკი" | R29: 62003016407 | S29: დავით სვირავა, 62003016407 | U29: GMB | W29: 19265462321
A30: 46116 | B30: მომსახურების ანაზღაურება | C30: ი/მ ოთარ კუპრეიშვილი, 42401042214, TBCBGE22, GE76TB7494745068100005 | E30: 64 | F30: 16750.02 | G30: შემოსავალი | H30: 46116 | I30: 1775325771 | J30: GE76TB7494745068100005 | K30: ი/მ ოთარ კუპრეიშვილი, 42401042214 | L30: 42401042214 | M30: TBCBGE22 | N30: სს "თიბისი ბანკი" | R30: 42401042214 | S30: ი/მ ოთარ კუპრეიშვილი, 42401042214 | U30: GMB | W30: 19275006355
A31: 46118 | B31: მარტის საკურიერო მომსახურება | C31: შპს კოსმო, 427736355, TBCBGE22, GE82TB7695836080100009 | E31: 1274.4 | F31: 18024.42 | G31: შემოსავალი | H31: 46118 | I31: 1775457458 | J31: GE82TB7695836080100009 | K31: შპს კოსმო, 427736355 | L31: 427736355 | M31: TBCBGE22 | N31: სს "თიბისი ბანკი" | R31: 427736355 | S31: შპს კოსმო, 427736355 | U31: GMB | W31: 19286517728
A32: 46118 | B32: 21.03.2026-31. 03.2026 საკურიერო და საკომისიო INVOICE 6 | C32: შპს ლაიფ სთორი, 438125574, TBCBGE22, GE38TB7826036080100014 | E32: 550.52 | F32: 18574.94 | G32: შემოსავალი | H32: 46118 | I32: 1775461460 | J32: GE38TB7826036080100014 | K32: შპს ლაიფ სთორი, 438125574 | L32: 438125574 | M32: TBCBGE22 | N32: სს "თიბისი ბანკი" | R32: 438125574 | S32: შპს ლაიფ სთორი, 438125574 | U32: GIB | W32: 19287378206
A33: 46118 | B33: საკურიერო მომსახურების ღირებულება | C33: შპს გრინ ლაბ, 405422127, TBCBGE22, GE37TB7517136020100025 | E33: 254.88 | F33: 18829.82 | G33: შემოსავალი | H33: 46118 | I33: 1775466056 | J33: GE37TB7517136020100025 | K33: შპს გრინ ლაბ, 405422127 | L33: 405422127 | M33: TBCBGE22 | N33: სს "თიბისი ბანკი" | R33: 405422127 | S33: შპს გრინ ლაბ, 405422127 | U33: GIB | W33: 19288918676
A34: 46118 | B34: საკურიერო მომსახურების ღირებულება | C34: შპს მაისიდი, 405483481, TBCBGE22, GE75TB7672636020100005 | E34: 107.38 | F34: 18937.2 | G34: შემოსავალი | H34: 46118 | I34: 1775466173 | J34: GE75TB7672636020100005 | K34: შპს მაისიდი, 405483481 | L34: 405483481 | M34: TBCBGE22 | N34: სს "თიბისი ბანკი" | R34: 405483481 | S34: შპს მაისიდი, 405483481 | U34: GMB | W34: 19288942686
A35: 46118 | B35: დელივერი მომსახურება -მიკრო სატვირთოს მომსახურება | C35: შპს ფეიფერართ, 406207769, TBCBGE22, GE58TB7306836080100006 | E35: 64.9 | F35: 19002.1 | G35: შემოსავალი | H35: 46118 | I35: 1775467295 | J35: GE58TB7306836080100006 | K35: შპს ფეიფერართ, 406207769 | L35: 406207769 | M35: TBCBGE22 | N35: სს "თიბისი ბანკი" | R35: 406207769 | S35: შპს ფეიფერართ, 406207769 | U35: GMB | W35: 19289416012
A36: 46118 | B36: მომსახურების ანაზღაურება | C36: ი/მ გიორგი მეტრეველი, TBCBGE22, GE30TB7774936010100044 | D36: 1352 | F36: 17650.1 | G36: გადარიცხვა თანხის გატანა | H36: 46118 | I36: 1775470969 | J36: GE30TB7774936010100044 | K36: ი/მ გიორგი მეტრეველი | L36: 01401103956 | M36: TBCBGE22 | N36: სს "თიბისი ბანკი" | R36: 405357180 | S36: შპს დელივერერს, 405357180 | U36: GIB | W36: 19291274650
A37: 46118 | B37: მომსახურების ანაზღაურება | C37: კვარაცხელია ნინო, BAGAGE22, GE20BG0000000496131200 | D37: 1055 | F37: 16595.1 | G37: გადარიცხვა თანხის გატანა | H37: 46118 | I37: 1775471031 | J37: GE20BG0000000496131200 | K37: კვარაცხელია ნინო | M37: BAGAGE22 | N37: სს "საქართველოს ბანკი" | R37: 405357180 | S37: შპს დელივერერს, 405357180 | U37: GIN | W37: 19291274732
A38: 46118 | B38: გადარიცხვის საკომისიო | C38: საკომისიო შემოსავალი - იურიდიული პირების გარე გადარიცხვები, TBCBGE22, GE97TB0006001030220310 | D38: 5 | F38: 16590.1 | G38: სხვა ხარჯები | H38: 46118 | I38: 1775471031 | J38: GE97TB0006001030220310 | K38: საკომისიო შემოსავალი - იურიდიული პირების გარე გადარიცხვები | M38: TBCBGE22 | N38: ს.ს. თიბისი ბანკი | U38: GIN | W38: 19291274733
A39: 46118 | B39: მომსახურების ანაზღაურება | C39: ოთარ კუპრეიშვილი, TBCBGE22, GE76TB7494745068100005 | D39: 1090 | F39: 15500.1 | G39: გადარიცხვა თანხის გატანა | H39: 46118 | I39: 1775471057 | J39: GE76TB7494745068100005 | K39: ოთარ კუპრეიშვილი | L39: 42401042214 | M39: TBCBGE22 | N39: სს "თიბისი ბანკი" | R39: 405357180 | S39: შპს დელივერერს, 405357180 | U39: GIB | W39: 19291274744
A40: 46118 | B40: მომსახურების ანაზღაურება | C40: ელოიძე რობერტ, BAGAGE22, GE72BG0000000161067238 | D40: 890 | F40: 14610.1 | G40: გადარიცხვა თანხის გატანა | H40: 46118 | I40: 1775471092 | J40: GE72BG0000000161067238 | K40: ელოიძე რობერტ | M40: BAGAGE22 | N40: სს "საქართველოს ბანკი" | R40: 405357180 | S40: შპს დელივერერს, 405357180 | U40: GIN | W40: 19291274748
A41: 46118 | B41: გადარიცხვის საკომისიო | C41: საკომისიო შემოსავალი - იურიდიული პირების გარე გადარიცხვები, TBCBGE22, GE97TB0006001030220310 | D41: 1 | F41: 14609.1 | G41: სხვა ხარჯები | H41: 46118 | I41: 1775471092 | J41: GE97TB0006001030220310 | K41: საკომისიო შემოსავალი - იურიდიული პირების გარე გადარიცხვები | M41: TBCBGE22 | N41: ს.ს. თიბისი ბანკი | U41: GIN | W41: 19291274749
A42: 46118 | B42: მომსახურების ანაზღაურება | C42: საბა ცაგარეიშვილი, TBCBGE22, GE38TB7777445061100032 | D42: 728 | F42: 13881.1 | G42: გადარიცხვა თანხის გატანა | H42: 46118 | I42: 1775471116 | J42: GE38TB7777445061100032 | K42: საბა ცაგარეიშვილი | L42: 01001083359 | M42: TBCBGE22 | N42: სს "თიბისი ბანკი" | R42: 405357180 | S42: შპს დელივერერს, 405357180 | U42: GIB | W42: 19291274756
A43: 46118 | B43: შეკვეთა 7170 დანიშნულება: SMS მომსახურება 2026-04-06 | C43: შპს კიბერ მარკეტინგი, TBCBGE22, GE31TB7744736020100005 | D43: 516.2 | F43: 13364.9 | G43: გადარიცხვა თანხის გატანა | H43: 46118 | I43: 1775471180 | J43: GE31TB7744736020100005 | K43: შპს კიბერ მარკეტინგი | L43: 400162676 | M43: TBCBGE22 | N43: სს "თიბისი ბანკი" | R43: 405357180 | S43: შპს დელივერერს, 405357180 | U43: GIB | W43: 19291274816
A44: 46118 | B44: საიჯარო ქირა | C44: ილია გოზალიშვილი, TBCBGE22, GE26TB7281745064300037 | D44: 800 | F44: 12564.9 | G44: გადარიცხვა თანხის გატანა | H44: 46118 | I44: 1775471225 | J44: GE26TB7281745064300037 | K44: ილია გოზალიშვილი | L44: 13001000574 | M44: TBCBGE22 | N44: სს "თიბისი ბანკი" | R44: 405357180 | S44: შპს დელივერერს, 405357180 | U44: GIB | W44: 19291274834
A45: 46118 | B45: დაკარგული ამანათის საფასური | C45: სალომე ჩაგანავა, TBCBGE22, GE05TB7499245061600021 | D45: 55 | F45: 12509.9 | G45: გადარიცხვა თანხის გატანა | H45: 46118 | I45: 1775471268 | J45: GE05TB7499245061600021 | K45: სალომე ჩაგანავა | L45: 02001020933 | M45: TBCBGE22 | N45: სს "თიბისი ბანკი" | R45: 405357180 | S45: შპს დელივერერს, 405357180 | U45: GIB | W45: 19291275072
A46: 46118 | B46: 01.03.26 - 31.03.26 - საკურიერო მომსახურება Invoice . 15 Date. 02.04.2026 | C46: შპს ჯეოთრეიდინგ 2015, BAGAGE22, GE31BG0000000606494692 | E46: 406.51 | F46: 12916.41 | G46: შემოსავალი | H46: 46118 | I46: 61 | J46: GE31BG0000000606494692 | K46: შპს ჯეოთრეიდინგ 2015 | L46: 404492839 | M46: BAGAGE22 | N46: სს "საქართველოს ბანკი" | R46: 404492839 | S46: შპს ჯეოთრეიდინგ 2015 | U46: BULK | V46: Ref 0061 | W46: 19291353376
A47: 46118 | B47: ინვოისის 1 თანახმად საკურიერო მომსახურების ღირებულება | C47: შპს ზიონ ორანჟერია, 405504547, TBCBGE22, GE81TB7605836050100002 | E47: 210.63 | F47: 13127.04 | G47: შემოსავალი | H47: 46118 | I47: 1775472172 | J47: GE81TB7605836050100002 | K47: შპს ზიონ ორანჟერია, 405504547 | L47: 405504547 | M47: TBCBGE22 | N47: სს "თიბისი ბანკი" | R47: 405504547 | S47: შპს ზიონ ორანჟერია, 405504547 | U47: GIB | W47: 19291391172
A48: 46118 | B48: საკურიერო მომსახურება | C48: შპს კროკო შოპ, 445747041, TBCBGE22, GE98TB7596636070100004 | E48: 2247.4 | F48: 15374.44 | G48: შემოსავალი | H48: 46118 | I48: 1775474959 | J48: GE98TB7596636070100004 | K48: შპს კროკო შოპ, 445747041 | L48: 445747041 | M48: TBCBGE22 | N48: სს "თიბისი ბანკი" | R48: 445747041 | S48: შპს კროკო შოპ, 445747041 | U48: GIB | V48: 01.03.2026-31.03.2026 | W48: 19292651890
A49: 46118 | B49: ლაიფსთორი | C49: ბესარიონი ფაჩულია, 35001107730, TBCBGE22, GE31TB7024045064300028 | E49: 100 | F49: 15474.44 | G49: შემოსავალი | H49: 46118 | I49: 1775503237 | J49: GE31TB7024045064300028 | K49: ბესარიონი ფაჩულია, 35001107730 | L49: 35001107730 | M49: TBCBGE22 | N49: სს "თიბისი ბანკი" | R49: 35001107730 | S49: ბესარიონი ფაჩულია, 35001107730 | U49: GMB | W49: 19296640620
A50: 46118 | B50: 1105 | C50: საბა ცაგარეიშვილი, 01001083359, TBCBGE22, GE38TB7777445061100032 | E50: 100 | F50: 15574.44 | G50: შემოსავალი | H50: 46118 | I50: 1775503392 | J50: GE38TB7777445061100032 | K50: საბა ცაგარეიშვილი, 01001083359 | L50: 01001083359 | M50: TBCBGE22 | N50: სს "თიბისი ბანკი" | R50: 01001083359 | S50: საბა ცაგარეიშვილი, 01001083359 | U50: GMB | W50: 19296643600
A51: 46119 | B51: ყოველთვიური მომსახურების საკომისიო, deliverers.ge.app, მარტი,5303409,50.00,E commerce | C51: დებიტორები - POS ტერმინალების მომსახურების საკომისიო, TBCBGE22, GE30TB0000025013100015 | D51: 50 | F51: 15524.44 | G51: სხვა ხარჯები | H51: 46119 | I51: 11174450 | J51: GE30TB0000025013100015 | K51: დებიტორები - POS ტერმინალების მომსახურების საკომისიო | M51: TBCBGE22 | N51: ს.ს. თიბისი ბანკი | U51: *POS* | W51: 19297378840
A52: 46119 | B52: ყოველთვიური მომსახურების საკომისიო, Deliverers.ge, მარტი,5302481,50.00,E commerce | C52: დებიტორები - POS ტერმინალების მომსახურების საკომისიო, TBCBGE22, GE30TB0000025013100015 | D52: 50 | F52: 15474.44 | G52: სხვა ხარჯები | H52: 46119 | I52: 11174451 | J52: GE30TB0000025013100015 | K52: დებიტორები - POS ტერმინალების მომსახურების საკომისიო | M52: TBCBGE22 | N52: ს.ს. თიბისი ბანკი | U52: *POS* | W52: 19297378842
A53: 46119 | B53: საკურიერო მომსახურება. ინვოისი 11 | C53: შპს ველვეტ.ჯი, 405699481, TBCBGE22, GE57TB7213836080100018 | E53: 317.42 | F53: 15791.86 | G53: შემოსავალი | H53: 46119 | I53: 1775558141 | J53: GE57TB7213836080100018 | K53: შპს ველვეტ.ჯი, 405699481 | L53: 405699481 | M53: TBCBGE22 | N53: სს "თიბისი ბანკი" | R53: 405699481 | S53: შპს ველვეტ.ჯი, 405699481 | U53: GMB | W53: 19303722669
A54: 46119 | B54: საკურიერო მომსახურება | C54: შპს ლინიტი, BAGAGE22, GE96BG0000000525224497 | E54: 7.67 | F54: 15799.53 | G54: შემოსავალი | H54: 46119 | I54: 2848 | J54: GE96BG0000000525224497 | K54: შპს ლინიტი | L54: 404620601 | M54: BAGAGE22 | N54: სს "საქართველოს ბანკი" | R54: 404620601 | S54: შპს ლინიტი | U54: BULK | V54: Ref 2848 | W54: 19305351241
A55: 46119 | B55: 1716 | C55: საბა ცაგარეიშვილი, 01001083359, TBCBGE22, GE38TB7777445061100032 | E55: 130 | F55: 15929.53 | G55: შემოსავალი | H55: 46119 | I55: 1775568329 | J55: GE38TB7777445061100032 | K55: საბა ცაგარეიშვილი, 01001083359 | L55: 01001083359 | M55: TBCBGE22 | N55: სს "თიბისი ბანკი" | R55: 01001083359 | S55: საბა ცაგარეიშვილი, 01001083359 | U55: GMB | W55: 19306648021
A56: 46119 | B56: საკურიერო მომსახურება ინ 23 | C56: შპს ფეთვერსი, 439420011, TBCBGE22, GE72TB7384536020100011 | E56: 247 | F56: 16176.53 | G56: შემოსავალი | H56: 46119 | I56: 1775134253 | J56: GE72TB7384536020100011 | K56: შპს ფეთვერსი, 439420011 | L56: 439420011 | M56: TBCBGE22 | N56: სს "თიბისი ბანკი" | R56: 439420011 | S56: შპს ფეთვერსი, 439420011 | U56: GIB | W56: 19306894849
A57: 46120 | B57: მომსახურების ანაზღაურება ინვოისი 33 | C57: შპს ზინურუ, 405385079, TBCBGE22, GE31TB7471736080100007 | E57: 3658.59 | F57: 19835.12 | G57: შემოსავალი | H57: 46120 | I57: 1775208669 | J57: GE31TB7471736080100007 | K57: შპს ზინურუ, 405385079 | L57: 405385079 | M57: TBCBGE22 | N57: სს "თიბისი ბანკი" | R57: 405385079 | S57: შპს ზინურუ, 405385079 | U57: GIB | W57: 19312759087
A58: 46120 | B58: 01.03.26 - 31.03.26 - საკურიერო მომსახურება | C58: შპს ზოოლაიფი +, 204566807, TBCBGE22, GE40TB1197936020100002 | E58: 132.16 | F58: 19967.28 | G58: შემოსავალი | H58: 46120 | I58: 1775626351 | J58: GE40TB1197936020100002 | K58: შპს ზოოლაიფი +, 204566807 | L58: 204566807 | M58: TBCBGE22 | N58: სს "თიბისი ბანკი" | R58: 204566807 | S58: შპს ზოოლაიფი +, 204566807 | U58: GIB | W58: 19312785865
A59: 46120 | B59: საკურიერო მომსახურება ინვ.28 | C59: შპს ოლდ სუფრა, 405339511, TBCBGE22, GE03TB7881436080100008 | E59: 1172.92 | F59: 21140.2 | G59: შემოსავალი | H59: 46120 | I59: 1775554771 | J59: GE03TB7881436080100008 | K59: შპს ოლდ სუფრა, 405339511 | L59: 405339511 | M59: TBCBGE22 | N59: სს "თიბისი ბანკი" | R59: 405339511 | S59: შპს ოლდ სუფრა, 405339511 | U59: GIB | V59: საკურიერო მომსახურება | W59: 19316894431
A60: 46120 | B60: ინვოისის თანახმად | C60: შპს 'ორიფლეიმ ჯორჯია', 202166459, TBCBGE22, GE02TB1100000025467801 | E60: 1707.5 | F60: 22847.7 | G60: შემოსავალი | H60: 46120 | I60: 2115673946 | J60: GE02TB1100000025467801 | K60: შპს 'ორიფლეიმ ჯორჯია', 202166459 | L60: 202166459 | M60: TBCBGE22 | N60: სს "თიბისი ბანკი" | R60: 202166459 | S60: შპს 'ორიფლეიმ ჯორჯია', 202166459 | U60: GDB | V60: 2131426 | W60: 19317161179
A61: 46120 | B61: საკურიერო მომსახურება 21.03.26-31.03.26 ინვოისი N: 45-3/03 | C61: შპს 'სუპერი', 205050905, TBCBGE22, GE28TB1100000108467517 | E61: 6928.96 | F61: 29776.66 | G61: შემოსავალი | H61: 46120 | I61: 1775654510 | J61: GE28TB1100000108467517 | K61: შპს 'სუპერი', 205050905 | L61: 205050905 | M61: TBCBGE22 | N61: სს "თიბისი ბანკი" | R61: 205050905 | S61: შპს 'სუპერი', 205050905 | U61: GIB | W61: 19318936063
A62: 46120 | B62: 2239 | C62: საბა ცაგარეიშვილი, 01001083359, TBCBGE22, GE38TB7777445061100032 | E62: 50 | F62: 29826.66 | G62: შემოსავალი | H62: 46120 | I62: 1775666042 | J62: GE38TB7777445061100032 | K62: საბა ცაგარეიშვილი, 01001083359 | L62: 01001083359 | M62: TBCBGE22 | N62: სს "თიბისი ბანკი" | R62: 01001083359 | S62: საბა ცაგარეიშვილი, 01001083359 | U62: GMB | W62: 19320681761
A63: 46120 | B63: 2221, 2240 | C63: ი/მ გიორგი მეტრეველი, 01401103956, TBCBGE22, GE88TB7774945064300063 | E63: 100 | F63: 29926.66 | G63: შემოსავალი | H63: 46120 | I63: 1775667129 | J63: GE88TB7774945064300063 | K63: ი/მ გიორგი მეტრეველი, 01401103956 | L63: 01401103956 | M63: TBCBGE22 | N63: სს "თიბისი ბანკი" | R63: 01401103956 | S63: ი/მ გიორგი მეტრეველი, 01401103956 | U63: GMB | W63: 19320814921
A64: 46120 | B64: 2238 | C64: საბა ცაგარეიშვილი, 01001083359, TBCBGE22, GE38TB7777445061100032 | E64: 40 | F64: 29966.66 | G64: შემოსავალი | H64: 46120 | I64: 1775670052 | J64: GE38TB7777445061100032 | K64: საბა ცაგარეიშვილი, 01001083359 | L64: 01001083359 | M64: TBCBGE22 | N64: სს "თიბისი ბანკი" | R64: 01001083359 | S64: საბა ცაგარეიშვილი, 01001083359 | U64: GMB | W64: 19321121189
A65: 46120 | B65: საკურიერო მომსახურება 03.2026 | C65: შპს მედიფარი, 405237140, TBCBGE22, GE63TB7553336080100007 | E65: 30.68 | F65: 29997.34 | G65: შემოსავალი | H65: 46120 | I65: 1775678070 | J65: GE63TB7553336080100007 | K65: შპს მედიფარი, 405237140 | L65: 405237140 | M65: TBCBGE22 | N65: სს "თიბისი ბანკი" | R65: 405237140 | S65: შპს მედიფარი, 405237140 | U65: GIB | W65: 19321657818
A66: 46121 | B66: მომსახურების ანაზღაურება | C66: ბადრი სირაძე, TBCBGE22, GE67TB7692345061100079 | D66: 622 | F66: 29375.34 | G66: გადარიცხვა თანხის გატანა | H66: 46121 | I66: 1775722614 | J66: GE67TB7692345061100079 | K66: ბადრი სირაძე | L66: 22001020425 | M66: TBCBGE22 | N66: სს "თიბისი ბანკი" | R66: 405357180 | S66: შპს დელივერერს, 405357180 | U66: GIB | W66: 19325124699
A67: 46121 | B67: მომსახურების ანაზღაურება | C67: ი/მ გიორგი მეტრეველი, TBCBGE22, GE30TB7774936010100044 | D67: 783.1 | F67: 28592.24 | G67: გადარიცხვა თანხის გატანა | H67: 46121 | I67: 1775722658 | J67: GE30TB7774936010100044 | K67: ი/მ გიორგი მეტრეველი | L67: 01401103956 | M67: TBCBGE22 | N67: სს "თიბისი ბანკი" | R67: 405357180 | S67: შპს დელივერერს, 405357180 | U67: GIB | W67: 19325124721
A68: 46121 | B68: მომსახურების ანაზღაურება | C68: დავით სვირავა, TBCBGE22, GE89TB7657745063600036 | D68: 878.63 | F68: 27713.61 | G68: გადარიცხვა თანხის გატანა | H68: 46121 | I68: 1775722687 | J68: GE89TB7657745063600036 | K68: დავით სვირავა | L68: 62003016407 | M68: TBCBGE22 | N68: სს "თიბისი ბანკი" | R68: 405357180 | S68: შპს დელივერერს, 405357180 | U68: GIB | W68: 19325124899
A69: 46121 | B69: მომსახურების ანაზღაურება | C69: დავითი საყვარელიძე, TBCBGE22, GE75TB7898145064300054 | D69: 724 | F69: 26989.61 | G69: გადარიცხვა თანხის გატანა | H69: 46121 | I69: 1775722708 | J69: GE75TB7898145064300054 | K69: დავითი საყვარელიძე | L69: 38001048993 | M69: TBCBGE22 | N69: სს "თიბისი ბანკი" | R69: 405357180 | S69: შპს დელივერერს, 405357180 | U69: GIB | W69: 19325124919
A70: 46121 | B70: მომსახურების ანაზღაურება | C70: მიხეილ ლომჯარია, TBCBGE22, GE80TB7792445061600016 | D70: 372.69 | F70: 26616.92 | G70: გადარიცხვა თანხის გატანა | H70: 46121 | I70: 1775722729 | J70: GE80TB7792445061600016 | K70: მიხეილ ლომჯარია | L70: 01010000461 | M70: TBCBGE22 | N70: სს "თიბისი ბანკი" | R70: 405357180 | S70: შპს დელივერერს, 405357180 | U70: GIB | W70: 19325124931
A71: 46121 | B71: მომსახურების ანაზღაურება | C71: ოთარ კუპრეიშვილი, TBCBGE22, GE76TB7494745068100005 | D71: 628 | F71: 25988.92 | G71: გადარიცხვა თანხის გატანა | H71: 46121 | I71: 1775722769 | J71: GE76TB7494745068100005 | K71: ოთარ კუპრეიშვილი | L71: 42401042214 | M71: TBCBGE22 | N71: სს "თიბისი ბანკი" | R71: 405357180 | S71: შპს დელივერერს, 405357180 | U71: GIB | W71: 19325125103
A72: 46121 | B72: მომსახურების ანაზღაურება | C72: საბა ცაგარეიშვილი, TBCBGE22, GE38TB7777445061100032 | D72: 403.53 | F72: 25585.39 | G72: გადარიცხვა თანხის გატანა | H72: 46121 | I72: 1775722843 | J72: GE38TB7777445061100032 | K72: საბა ცაგარეიშვილი | L72: 01001083359 | M72: TBCBGE22 | N72: სს "თიბისი ბანკი" | R72: 405357180 | S72: შპს დელივერერს, 405357180 | U72: GIB | W72: 19325125107
A73: 46121 | B73: საკუთარ ანგარიშზე გადარიცხვა | C73: შპს დელივერერს, 405357180, TBCBGE22, GE04TB7716245067800002 | E73: 5000 | F73: 30585.39 | G73: საკუთარ ანგარიშებს შორის გადარიცხვა | H73: 46121 | I73: 1775723328 | J73: GE04TB7716245067800002 | K73: შპს დელივერერს, 405357180 | L73: 405357180 | M73: TBCBGE22 | N73: სს "თიბისი ბანკი" | R73: 405357180 | S73: შპს დელივერერს, 405357180 | U73: GII | W73: 19325125109
A74: 46121 | B74: 2241 | C74: საბა ცაგარეიშვილი, 01001083359, TBCBGE22, GE38TB7777445061100032 | E74: 100 | F74: 30685.39 | G74: შემოსავალი | H74: 46121 | I74: 1775727501 | J74: GE38TB7777445061100032 | K74: საბა ცაგარეიშვილი, 01001083359 | L74: 01001083359 | M74: TBCBGE22 | N74: სს "თიბისი ბანკი" | R74: 01001083359 | S74: საბა ცაგარეიშვილი, 01001083359 | U74: GMB | W74: 19326661523
A75: 46121 | B75: ლაიფსთორი | C75: ბესარიონი ფაჩულია, 35001107730, TBCBGE22, GE31TB7024045064300028 | E75: 67 | F75: 30752.39 | G75: შემოსავალი | H75: 46121 | I75: 1775743929 | J75: GE31TB7024045064300028 | K75: ბესარიონი ფაჩულია, 35001107730 | L75: 35001107730 | M75: TBCBGE22 | N75: სს "თიბისი ბანკი" | R75: 35001107730 | S75: ბესარიონი ფაჩულია, 35001107730 | U75: GMB | W75: 19331414845
A76: 46121 | B76: ლაიფსთორი | C76: ბესარიონი ფაჩულია, 35001107730, TBCBGE22, GE31TB7024045064300028 | E76: 100 | F76: 30852.39 | G76: შემოსავალი | H76: 46121 | I76: 1775750839 | J76: GE31TB7024045064300028 | K76: ბესარიონი ფაჩულია, 35001107730 | L76: 35001107730 | M76: TBCBGE22 | N76: სს "თიბისი ბანკი" | R76: 35001107730 | S76: ბესარიონი ფაჩულია, 35001107730 | U76: GMB | W76: 19332214743
A77: 46121 | B77: 2465 | C77: საბა ცაგარეიშვილი, 01001083359, TBCBGE22, GE38TB7777445061100032 | E77: 239 | F77: 31091.39 | G77: შემოსავალი | H77: 46121 | I77: 1775754009 | J77: GE38TB7777445061100032 | K77: საბა ცაგარეიშვილი, 01001083359 | L77: 01001083359 | M77: TBCBGE22 | N77: სს "თიბისი ბანკი" | R77: 01001083359 | S77: საბა ცაგარეიშვილი, 01001083359 | U77: GMB | W77: 19332544987
A78: 46121 | B78: 2561 | C78: საბა ცაგარეიშვილი, 01001083359, TBCBGE22, GE38TB7777445061100032 | E78: 64 | F78: 31155.39 | G78: შემოსავალი | H78: 46121 | I78: 1775754032 | J78: GE38TB7777445061100032 | K78: საბა ცაგარეიშვილი, 01001083359 | L78: 01001083359 | M78: TBCBGE22 | N78: სს "თიბისი ბანკი" | R78: 01001083359 | S78: საბა ცაგარეიშვილი, 01001083359 | U78: GMB | W78: 19332548113
A79: 46125 | B79: საკურიერო მომსახურების ღირებულება | C79: შპს ჰერ სთორი 2019, 405733069, TBCBGE22, GE29TB7877336020100007 | E79: 2365.31 | F79: 33520.7 | G79: შემოსავალი | H79: 46125 | I79: 1776073159 | J79: GE29TB7877336020100007 | K79: შპს ჰერ სთორი 2019, 405733069 | L79: 405733069 | M79: TBCBGE22 | N79: სს "თიბისი ბანკი" | R79: 405733069 | S79: შპს ჰერ სთორი 2019, 405733069 | U79: GMB | W79: 19364898298
A80: 46126 | B80: 2228 2482 | C80: ი/მ ბადრი სირაძე, 22001020425, TBCBGE22, GE67TB7692345061100079 | E80: 175 | F80: 33695.7 | G80: შემოსავალი | H80: 46126 | I80: 1776155158 | J80: GE67TB7692345061100079 | K80: ი/მ ბადრი სირაძე, 22001020425 | L80: 22001020425 | M80: TBCBGE22 | N80: სს "თიბისი ბანკი" | R80: 22001020425 | S80: ი/მ ბადრი სირაძე, 22001020425 | U80: GMB | W80: 19370471937
A81: 46126 | B81: 2228 | C81: ი/მ ბადრი სირაძე, 22001020425, TBCBGE22, GE67TB7692345061100079 | E81: 57 | F81: 33752.7 | G81: შემოსავალი | H81: 46126 | I81: 1776155219 | J81: GE67TB7692345061100079 | K81: ი/მ ბადრი სირაძე, 22001020425 | L81: 22001020425 | M81: TBCBGE22 | N81: სს "თიბისი ბანკი" | R81: 22001020425 | S81: ი/მ ბადრი სირაძე, 22001020425 | U81: GMB | W81: 19370499859
A82: 46126 | B82: ქეშების თანხა 01 აპრილი - 10 აპრილი | C82: შპს ლაიფ სთორი, TBCBGE22, GE38TB7826036080100014 | D82: 1915 | F82: 31837.7 | G82: გადარიცხვა თანხის გატანა | H82: 46126 | I82: 1776152990 | J82: GE38TB7826036080100014 | K82: შპს ლაიფ სთორი | L82: 438125574 | M82: TBCBGE22 | N82: სს "თიბისი ბანკი" | R82: 405357180 | S82: შპს დელივერერს, 405357180 | U82: GIB | W82: 19371476483
A83: 46126 | B83: მომსახურების ანაზღაურება | C83: ბადრი სირაძე, TBCBGE22, GE67TB7692345061100079 | D83: 152 | F83: 31685.7 | G83: გადარიცხვა თანხის გატანა | H83: 46126 | I83: 1776153803 | J83: GE67TB7692345061100079 | K83: ბადრი სირაძე | L83: 22001020425 | M83: TBCBGE22 | N83: სს "თიბისი ბანკი" | R83: 405357180 | S83: შპს დელივერერს, 405357180 | U83: GIB | W83: 19371476707
A84: 46126 | B84: მომსახურების ანაზღაურება | C84: ი/მ გიორგი მეტრეველი, TBCBGE22, GE30TB7774936010100044 | D84: 187.21 | F84: 31498.49 | G84: გადარიცხვა თანხის გატანა | H84: 46126 | I84: 1776153831 | J84: GE30TB7774936010100044 | K84: ი/მ გიორგი მეტრეველი | L84: 01401103956 | M84: TBCBGE22 | N84: სს "თიბისი ბანკი" | R84: 405357180 | S84: შპს დელივერერს, 405357180 | U84: GIB | W84: 19371476727
A85: 46126 | B85: მომსახურების ანაზღაურება | C85: დავით სვირავა, TBCBGE22, GE89TB7657745063600036 | D85: 110.5 | F85: 31387.99 | G85: გადარიცხვა თანხის გატანა | H85: 46126 | I85: 1776153921 | J85: GE89TB7657745063600036 | K85: დავით სვირავა | L85: 62003016407 | M85: TBCBGE22 | N85: სს "თიბისი ბანკი" | R85: 405357180 | S85: შპს დელივერერს, 405357180 | U85: GIB | W85: 19371476773
A86: 46126 | B86: მომსახურების ანაზღაურება | C86: დავითი საყვარელიძე, TBCBGE22, GE75TB7898145064300054 | D86: 200 | F86: 31187.99 | G86: გადარიცხვა თანხის გატანა | H86: 46126 | I86: 1776153964 | J86: GE75TB7898145064300054 | K86: დავითი საყვარელიძე | L86: 38001048993 | M86: TBCBGE22 | N86: სს "თიბისი ბანკი" | R86: 405357180 | S86: შპს დელივერერს, 405357180 | U86: GIB | W86: 19371476933
A87: 46126 | B87: მომსახურების ანაზღაურება | C87: მიხეილ ლომჯარია, TBCBGE22, GE80TB7792445061600016 | D87: 20 | F87: 31167.99 | G87: გადარიცხვა თანხის გატანა | H87: 46126 | I87: 1776153984 | J87: GE80TB7792445061600016 | K87: მიხეილ ლომჯარია | L87: 01010000461 | M87: TBCBGE22 | N87: სს "თიბისი ბანკი" | R87: 405357180 | S87: შპს დელივერერს, 405357180 | U87: GIB | W87: 19371476969
A88: 46126 | B88: მომსახურების ანაზღაურება | C88: ოთარ კუპრეიშვილი, TBCBGE22, GE76TB7494745068100005 | D88: 105.5 | F88: 31062.49 | G88: გადარიცხვა თანხის გატანა | H88: 46126 | I88: 1776154009 | J88: GE76TB7494745068100005 | K88: ოთარ კუპრეიშვილი | L88: 42401042214 | M88: TBCBGE22 | N88: სს "თიბისი ბანკი" | R88: 405357180 | S88: შპს დელივერერს, 405357180 | U88: GIB | W88: 19371477145
A89: 46126 | B89: მომსახურების ანაზღაურება | C89: საბა ცაგარეიშვილი, TBCBGE22, GE38TB7777445061100032 | D89: 76.7 | F89: 30985.79 | G89: გადარიცხვა თანხის გატანა | H89: 46126 | I89: 1776154042 | J89: GE38TB7777445061100032 | K89: საბა ცაგარეიშვილი | L89: 01001083359 | M89: TBCBGE22 | N89: სს "თიბისი ბანკი" | R89: 405357180 | S89: შპს დელივერერს, 405357180 | U89: GIB | W89: 19371477235
A90: 46126 | B90: ხელფასი | C90: ზურაბი თომაძე, TBCBGE22, GE39TB7810145063600009 | D90: 1000 | F90: 29985.79 | G90: გადარიცხვა თანხის გატანა | H90: 46126 | I90: 1776154120 | J90: GE39TB7810145063600009 | K90: ზურაბი თომაძე | L90: 01017025072 | M90: TBCBGE22 | N90: სს "თიბისი ბანკი" | R90: 405357180 | S90: შპს დელივერერს, 405357180 | U90: GIB | W90: 19371477249
A91: 46126 | B91: 276401 | C91: შპს 'ჯობს. გე', TBCBGE22, GE23TB0600000107467123 | D91: 35 | F91: 29950.79 | G91: გადარიცხვა თანხის გატანა | H91: 46126 | I91: 1776166235 | J91: GE23TB0600000107467123 | K91: შპს 'ჯობს. გე' | L91: 205035282 | M91: TBCBGE22 | N91: სს "თიბისი ბანკი" | R91: 405357180 | S91: შპს დელივერერს, 405357180 | U91: GIB | W91: 19375016003
A92: 46126 | B92: მომსახურების ანაზღაურება | C92: მიხეილ ლომჯარია, TBCBGE22, GE80TB7792445061600016 | D92: 500 | F92: 29450.79 | G92: გადარიცხვა თანხის გატანა | H92: 46126 | I92: 1776174787 | J92: GE80TB7792445061600016 | K92: მიხეილ ლომჯარია | L92: 01010000461 | M92: TBCBGE22 | N92: სს "თიბისი ბანკი" | R92: 405357180 | S92: შპს დელივერერს, 405357180 | U92: GIB | W92: 19375016019
A93: 46126 | B93: 3006 | C93: ი/მ გიორგი მეტრეველი, 01401103956, TBCBGE22, GE88TB7774945064300063 | E93: 100 | F93: 29550.79 | G93: შემოსავალი | H93: 46126 | I93: 1776190486 | J93: GE88TB7774945064300063 | K93: ი/მ გიორგი მეტრეველი, 01401103956 | L93: 01401103956 | M93: TBCBGE22 | N93: სს "თიბისი ბანკი" | R93: 01401103956 | S93: ი/მ გიორგი მეტრეველი, 01401103956 | U93: GMB | W93: 19376297017
A94: 46126 | B94: მომსახურების ანაზღაურება მარტი | C94: ოთარ კუპრეიშვილი, TBCBGE22, GE76TB7494745068100005 | D94: 63 | F94: 29487.79 | G94: გადარიცხვა თანხის გატანა | H94: 46126 | I94: 1776190025 | J94: GE76TB7494745068100005 | K94: ოთარ კუპრეიშვილი | L94: 42401042214 | M94: TBCBGE22 | N94: სს "თიბისი ბანკი" | R94: 405357180 | S94: შპს დელივერერს, 405357180 | U94: GIB | W94: 19376438893
A95: 46126 | B95: მომსახურების ანაზღაურება მარტი | C95: დავითი საყვარელიძე, TBCBGE22, GE75TB7898145064300054 | D95: 80.5 | F95: 29407.29 | G95: გადარიცხვა თანხის გატანა | H95: 46126 | I95: 1776190073 | J95: GE75TB7898145064300054 | K95: დავითი საყვარელიძე | L95: 38001048993 | M95: TBCBGE22 | N95: სს "თიბისი ბანკი" | R95: 405357180 | S95: შპს დელივერერს, 405357180 | U95: GIB | W95: 19376438901
A96: 46126 | B96: მომსახურების ანაზღაურება მარტი | C96: ბადრი სირაძე, TBCBGE22, GE67TB7692345061100079 | D96: 57.85 | F96: 29349.44 | G96: გადარიცხვა თანხის გატანა | H96: 46126 | I96: 1776190119 | J96: GE67TB7692345061100079 | K96: ბადრი სირაძე | L96: 22001020425 | M96: TBCBGE22 | N96: სს "თიბისი ბანკი" | R96: 405357180 | S96: შპს დელივერერს, 405357180 | U96: GIB | W96: 19376438909
A97: 46126 | B97: მომსახურების ანაზღაურება მარტი | C97: ი/მ გიორგი მეტრეველი, TBCBGE22, GE30TB7774936010100044 | D97: 50.01 | F97: 29299.43 | G97: გადარიცხვა თანხის გატანა | H97: 46126 | I97: 1776190156 | J97: GE30TB7774936010100044 | K97: ი/მ გიორგი მეტრეველი | L97: 01401103956 | M97: TBCBGE22 | N97: სს "თიბისი ბანკი" | R97: 405357180 | S97: შპს დელივერერს, 405357180 | U97: GIB | W97: 19376438959
A98: 46126 | B98: მომსახურების ანაზღაურება მარტი | C98: საბა ცაგარეიშვილი, TBCBGE22, GE38TB7777445061100032 | D98: 41.5 | F98: 29257.93 | G98: გადარიცხვა თანხის გატანა | H98: 46126 | I98: 1776190405 | J98: GE38TB7777445061100032 | K98: საბა ცაგარეიშვილი | L98: 01001083359 | M98: TBCBGE22 | N98: სს "თიბისი ბანკი" | R98: 405357180 | S98: შპს დელივერერს, 405357180 | U98: GIB | W98: 19376438989
A99: 46126 | B99: მომსახურების ანაზღაურება მარტი | C99: მიხეილ ლომჯარია, TBCBGE22, GE80TB7792445061600016 | D99: 39.56 | F99: 29218.37 | G99: გადარიცხვა თანხის გატანა | H99: 46126 | I99: 1776190436 | J99: GE80TB7792445061600016 | K99: მიხეილ ლომჯარია | L99: 01010000461 | M99: TBCBGE22 | N99: სს "თიბისი ბანკი" | R99: 405357180 | S99: შპს დელივერერს, 405357180 | U99: GIB | W99: 19376439033
A100: 46126 | B100: მომსახურების ანაზღაურება მარტი | C100: დავით სვირავა, TBCBGE22, GE89TB7657745063600036 | D100: 32.8 | F100: 29185.57 | G100: გადარიცხვა თანხის გატანა | H100: 46126 | I100: 1776190463 | J100: GE89TB7657745063600036 | K100: დავით სვირავა | L100: 62003016407 | M100: TBCBGE22 | N100: სს "თიბისი ბანკი" | R100: 405357180 | S100: შპს დელივერერს, 405357180 | U100: GIB | W100: 19376439045
...

Sheet Sheet1
D4: ი/მ გიორგი მეტრეველი | E4: =SUMIFS('GE90TB7716236080100009-GEL'!D:D,'GE90TB7716236080100009-GEL'!B:B,"მომსახურების ანაზღაურება",'GE90TB7716236080100009-GEL'!K:K,D4) -> 3173.39 | F4: =SUMIFS('GE90TB7716236080100009-GEL'!D:D,'GE90TB7716236080100009-GEL'!B:B,"მომსახურების ანაზღაურება მარტი",'GE90TB7716236080100009-GEL'!K:K,D4) -> 50.01 | G4: =E4+F4 -> 3223.4
D5: კვარაცხელია ნინო | E5: =SUMIFS('GE90TB7716236080100009-GEL'!D:D,'GE90TB7716236080100009-GEL'!B:B,"მომსახურების ანაზღაურება",'GE90TB7716236080100009-GEL'!K:K,D5) -> 1055 | F5: =SUMIFS('GE90TB7716236080100009-GEL'!D:D,'GE90TB7716236080100009-GEL'!B:B,"მომსახურების ანაზღაურება მარტი",'GE90TB7716236080100009-GEL'!K:K,D5) -> 60.8 | G5: =E5+F5 -> 1115.8
D6: ოთარ კუპრეიშვილი | E6: =SUMIFS('GE90TB7716236080100009-GEL'!D:D,'GE90TB7716236080100009-GEL'!B:B,"მომსახურების ანაზღაურება",'GE90TB7716236080100009-GEL'!K:K,D6) -> 4543 | F6: =SUMIFS('GE90TB7716236080100009-GEL'!D:D,'GE90TB7716236080100009-GEL'!B:B,"მომსახურების ანაზღაურება მარტი",'GE90TB7716236080100009-GEL'!K:K,D6) -> 63 | G6: =E6+F6 -> 4606
D7: ელოიძე რობერტ | E7: =SUMIFS('GE90TB7716236080100009-GEL'!D:D,'GE90TB7716236080100009-GEL'!B:B,"მომსახურების ანაზღაურება",'GE90TB7716236080100009-GEL'!K:K,D7) -> 2047 | F7: =SUMIFS('GE90TB7716236080100009-GEL'!D:D,'GE90TB7716236080100009-GEL'!B:B,"მომსახურების ანაზღაურება მარტი",'GE90TB7716236080100009-GEL'!K:K,D7) -> 43.01 | G7: =E7+F7 -> 2090.01
D8: საბა ცაგარეიშვილი | E8: =SUMIFS('GE90TB7716236080100009-GEL'!D:D,'GE90TB7716236080100009-GEL'!B:B,"მომსახურების ანაზღაურება",'GE90TB7716236080100009-GEL'!K:K,D8) -> 5103.13 | F8: =SUMIFS('GE90TB7716236080100009-GEL'!D:D,'GE90TB7716236080100009-GEL'!B:B,"მომსახურების ანაზღაურება მარტი",'GE90TB7716236080100009-GEL'!K:K,D8) -> 41.5 | G8: =E8+F8 -> 5144.63
D9: ბადრი სირაძე | E9: =SUMIFS('GE90TB7716236080100009-GEL'!D:D,'GE90TB7716236080100009-GEL'!B:B,"მომსახურების ანაზღაურება",'GE90TB7716236080100009-GEL'!K:K,D9) -> 774 | F9: =SUMIFS('GE90TB7716236080100009-GEL'!D:D,'GE90TB7716236080100009-GEL'!B:B,"მომსახურების ანაზღაურება მარტი",'GE90TB7716236080100009-GEL'!K:K,D9) -> 57.85 | G9: =E9+F9 -> 831.85
D10: დავით სვირავა | E10: =SUMIFS('GE90TB7716236080100009-GEL'!D:D,'GE90TB7716236080100009-GEL'!B:B,"მომსახურების ანაზღაურება",'GE90TB7716236080100009-GEL'!K:K,D10) -> 4481.85 | F10: =SUMIFS('GE90TB7716236080100009-GEL'!D:D,'GE90TB7716236080100009-GEL'!B:B,"მომსახურების ანაზღაურება მარტი",'GE90TB7716236080100009-GEL'!K:K,D10) -> 32.8 | G10: =E10+F10 -> 4514.65
D11: დავითი საყვარელიძე | E11: =SUMIFS('GE90TB7716236080100009-GEL'!D:D,'GE90TB7716236080100009-GEL'!B:B,"მომსახურების ანაზღაურება",'GE90TB7716236080100009-GEL'!K:K,D11) -> 924 | F11: =SUMIFS('GE90TB7716236080100009-GEL'!D:D,'GE90TB7716236080100009-GEL'!B:B,"მომსახურების ანაზღაურება მარტი",'GE90TB7716236080100009-GEL'!K:K,D11) -> 80.5 | G11: =E11+F11 -> 1004.5
D12: მიხეილ ლომჯარია | E12: =SUMIFS('GE90TB7716236080100009-GEL'!D:D,'GE90TB7716236080100009-GEL'!B:B,"მომსახურების ანაზღაურება",'GE90TB7716236080100009-GEL'!K:K,D12) -> 1514.77 | F12: =SUMIFS('GE90TB7716236080100009-GEL'!D:D,'GE90TB7716236080100009-GEL'!B:B,"მომსახურების ანაზღაურება მარტი",'GE90TB7716236080100009-GEL'!K:K,D12) -> 39.56 | G12: =E12+F12 -> 1554.33
D13: ინდივიდუალური მეწარმე ბობო ქარ | E13: =SUMIFS('GE90TB7716236080100009-GEL'!D:D,'GE90TB7716236080100009-GEL'!B:B,"მომსახურების ანაზღაურება",'GE90TB7716236080100009-GEL'!K:K,D13) -> 0 | F13: =SUMIFS('GE90TB7716236080100009-GEL'!D:D,'GE90TB7716236080100009-GEL'!B:B,"მომსახურების ანაზღაურება მარტი",'GE90TB7716236080100009-GEL'!K:K,D13) -> 7.12 | G13: =E13+F13 -> 7.12
D14: მელაძე გიორგი | E14: =SUMIFS('GE90TB7716236080100009-GEL'!D:D,'GE90TB7716236080100009-GEL'!B:B,"მომსახურების ანაზღაურება",'GE90TB7716236080100009-GEL'!K:K,D14) -> 1024 | F14: =SUMIFS('GE90TB7716236080100009-GEL'!D:D,'GE90TB7716236080100009-GEL'!B:B,"მომსახურების ანაზღაურება მარტი",'GE90TB7716236080100009-GEL'!K:K,D14) -> 89.5 | G14: =E14+F14 -> 1113.5
